attempt_id,label,status,parent_attempt_id,candidate_sha,accepted_step,decision
A0000,restored model with verified measurement harness,accepted,,62942a0387608fe21baaeb2dce9ef3b0947dde4d,0,
A0001,pipeline above 1024 tokens,accepted,A0000,942a2a52d94cf6dbe6e753f7ac291daf8b0699fb,1,"Accepted: primary b1 prefill offload latency and absolute gap repeatably reduced; exactness, full matrix, generation and memory gates passed under predeclared uncertainty criteria."
A0002,serial byte copies for tiny CPU lookups,within_noise,A0001,ac6fbc2cbf534c804bb34227aa3ddee3e08728d9,,Three independent parent-relative pairs did not establish both offload latency and absolute-gap reduction in any primary workload. Preserve modest positive decode estimates without acceptance; no measurement extension.
A0003,two-layer groups in automatic pipeline,rejected,A0001,986e000b1d973a2a76155ff932aba2d367d03dc0,,"Clear prefill screen regressions against accepted A0001 at all three batches, larger cached buffers, and no compensating supported offload gain. Do not escalate."
A0004,caller-thread pipeline producer,within_noise,A0001,29a0d4ff761e862423e5cd22a8d2a475d9a99a78,,"b1 prefill latency reduction is repeatable, but paired absolute-gap reduction remains unresolved. No primary meets both required confidence bounds; do not retain or extend the declared three-block plan."
A0005,compute-stream copies for tiny bulk transfers,within_noise,A0001,f33b0e383f2b3d9d7121ea3b92d1e45157aad1de,,"No target decode workload passes both paired latency and absolute-gap reduction. b1 decode reduction 0.372980 ms CI [-0.275798,1.021758], gap 0.436864 [-0.218786,1.092514]; b8 decode reduction 0.021608 [-0.168654,0.211869], gap 0.003542 [-0.183501,0.190584]. Preserve all 48 processes; no extension. Restore A0001 after committing evidence."
A0006,refill host slot before consumer release,within_noise,A0001,b58cdb8640fb2d6a57631e0c26fc6f9a72761f74,,"All48 parent-confirmation jobs complete. b1 prefill latency reduction0.148526ms CI[-0.160371,0.457424], gap reduction0.159473 CI[-0.193442,0.512389]. Neither lower bound is positive. No other primary meets both criteria; no resolved regression or memory loss. Close fixed plan without extension and restore A0001 after evidence commit."
A0007,precompute immutable pipeline tensor views,rejected,A0001,2bcbe8d197ef3244af1f51beb1214e4f3ecf6ffc,,"Twelve-job screen unpromising: b1/b8 prefill offload slower0.0331/0.5340ms versusA0001. b1 gap worsens0.0336ms; b8 gap improves0.1394 only with slower offload, failing objective. b16 slower1.3155ms. Stop atscreen; no confirmation/full/generation. b1 decode mean5.536ms fluctuates despite unchanged bulkpath and is not attributed causally to thischange."
A0008,mapped-host GPU gather for pipeline,rejected,A0001,fb17afb2a97b68ec61ef517622707f68ce33e051,,"All12screen jobs complete. RelativeA0001 prefill offload reductions b1 -0.04468ms,b8 -3.63808,b16 -11.16123; b8/b16 gaps worsen2.86459/11.01584ms. No targetedprefill latencygain. Reject atscreen, preserve50-test exactness andmicrodiagnostics, noformal/full/generation escalation."
A0009,within-call token dedup for large pipeline inputs,rejected,A0001,0ac06a0f7ce6c3ce77fd5a878c4a34c991527ec2,,"Targetb8prefill screen offload211.480ms vsA0001 209.463, slower2.01742ms; gap4.829ms worsens1.17298. b16slower2.02706ms/gapworse1.72058. No targetbenefit; rejectwithoutconfirmation/full/generation. Unchangedb1/decode fluctuations notincrementalgains."
A0010,alternate pinned host buffers per GPU slot,rejected,A0001,b22f8f616ee933ddc4ad2dd09c3eb91e60ef477b,,All12screen jobs complete. Prefill offload slower1.73113/0.75697/1.30852ms atb1/b8/b16 vsA0001; gaps worsen1.68401/0.07212/1.00406ms. No targetprefill gain. Rejectatfixedscreen; noformal/full/generation. Extra pinnedhostmemory doesnotbuy amodel-level improvement.
A0011,reuse pinned input-ID staging buffers,within_noise,A0001,812ac2decafaf2d9919028a7bbd0c740db07ba1a,,"All 48 predeclared independent parent-confirmation jobs completed. None of the four primary workloads resolves both positive offload latency and absolute-gap reduction. Prefill b1 reductions 0.179730/0.186672 ms, intervals cross zero; b8 0.319383/0.269243 ms, intervals cross zero. Both decode comparisons unresolved. No resolved primary offload regression or loss of measured GPU savings. Close without extension and restore A0001."
A0012,blocking producer DMA completion events,within_noise,A0001,817cc6b5081acdcc7d50935f98e0a4b8c0b71b3a,,"All 48 parent-confirmation jobs complete. b1 prefill offload reduction 0.044804 ms CI[-0.353767,0.443376], gap reduction 0.079503 CI[-0.366290,0.525296]; b8 prefill offload 0.132066 CI[-0.836286,1.100418], gap -0.066083 CI[-1.142762,1.010595]. No primary meets both positive lower-bound criteria; decode comparisons unresolved. Lower producer CPU time alone does not meet the campaign latency/gap objective. Close fixed plan without extension and restore A0001."
A0013,mapped-host all-layer gather for small bulk inputs,rejected,A0001,5d5eb4858f5102b5e7c0c004e359304b13ac38c8,,All twelve screen jobs completed. Target b8 decode slower 0.025238 ms versus A0001 and absolute gap worse 0.006473 ms. No target benefit; reject without confirmation/full/generation. b16 decode descriptive improvement is secondary and cannot substitute for the fixed primary target. Prefill and b1 algorithms do not establish a mapped-bulk gain.
A0014,one-slot automatic pipeline lookahead,rejected,A0001,b9938ebc46d7a92fc07898a09c72edc547f5f8f3,,"All 48 fixed-plan jobs completed. Both prefill workloads show repeatable offload/gap reductions: b1 0.349586/0.373642 ms and b8 1.917756/1.698489 ms. However b8 decode is slower in all three blocks: offload reduction -0.040589 ms CI[-0.057702,-0.023475]. This resolved primary regression fails the prespecified gate despite unchanged bulk decode code and lower pipeline capacities. Do not discard the regression or extend until favorable. Reject and restore A0001."
A0015,fuse compressed-row expansion with memory addition,within_noise,A0001,0436370506e82e3a32d6ccbc6bb5217bc0e84637,,"All 48 fixed parent-confirmation jobs complete. Target b8 prefill offload reduction 0.366669 ms CI[-0.645449,1.378787], gap reduction 0.158634 CI[-0.449015,0.766283]. Neither lower bound is positive. Other primary workloads unresolved; no resolved primary regression. Close the fixed plan without extension and restore A0001. Unfused A0009 screen comparison does not establish an accepted parent-relative gain."
A0016,single-slot automatic pipeline for small prefill only,accepted,A0001,0ce6645eb4c4bc3992258ad0878c72ea3c37a64e,2,"Accepted: changed b1 prefill independently reduces offload latency and gap against verified A0001; cumulative A0000 confirmation also passes. Full exactness, all84 matrix/12 generation points, fixed secondary regression investigations, source/environment and memory gates pass. Retain all adverse observations and uncertainty; no broad decode/generation gain claim."
A0017,write-combined pinned pipeline buffers for large inputs,within_noise,A0016,7eb99060e4ac0125bb93487abc85f139f1e73c8f,,"Within noise: changed b8 prefill offload reduction1.765735 ms CI[0.688570,2.842900] passes latency alone, but absolute-gap reduction1.567970 ms CI[-0.678259,3.814199] fails the required positive lower bound. Preserve all three positive gap observations without claiming a repeatable gap gain. No plan extension; restore verified A0016."
A0018,submit embedding before waiting for pipeline input IDs,rejected,A0016,6089489be39a59a31360b8f89add2042cc0a7c8b,,"Rejected at screening as unpromising: b1 prefill offload/gap reductions0.007509/0.015961 ms, while b8 prefill slower0.160926 ms and gap worse0.227580 ms. Tiny b1 observation is below its descriptive sample SD0.019534 ms (parent0.010548), not a resolved gain. No independent statistical regression claim from this short screen; no formal/full/generation escalation."
A0019,start pipeline producer before embedding dispatch,rejected,A0016,f59cdf0c8d7fa32f98b6947c0ba784210f0e7437,,"Rejected at screening: both changed prefill primary paths have higher offload latency versus A0016 (b1+0.042619 ms, b8+0.366468 ms). b8 gap worsens0.106847 ms; b1 apparent gap reduction0.024187 ms is explained by a slower resident reference and cannot qualify. Unchanged b1 bulk decode reduction0.377981 ms cannot nominate this pipeline-only change."
A0020,reuse per-layer pipeline coordination tickets,within_noise,A0016,41869553c1df91e5c8ae4cda16cd4c6b1c0ab44b,,"Within noise: no eligible primary passes dual latency/gap criterion. b1 prefill offload reduction0.030322 ms CI[-0.111244,0.171888], gap0.037519 CI[-0.153134,0.228172]; b8 prefill offload0.000883 CI[-0.402357,0.404122], gap-0.272545 CI[-1.340937,0.795846]. Close fixed48-process plan without extension and restore A0016."
