mode,batch,length,bmk_status,bmk_ms,bmk_sd_ms,pr_status,pr_ms,pr_sd_ms,pr_minus_bmk_ms,pr_vs_bmk_pct
prefill,1,2048,completed,29.8960301766379,0.07236912726880014,completed,29.34119134830932,0.01709744985717118,-0.554838828328581,-1.8558946624363415
decode,1,2048,completed,6.0327807234393225,0.32869460799024236,completed,4.477627327044805,0.03922314856816588,-1.5551533963945179,-25.778384259057173
prefill,4,2048,completed,112.66077483176358,0.543884908637259,completed,106.75287614576519,0.3535693926687946,-5.90789868599839,-5.243971288871974
decode,4,2048,completed,6.1363468981451454,0.3417878210836244,completed,7.253462966117594,0.007735368903839312,1.1171160679724483,18.204904098725617
prefill,8,2048,completed,212.91490836172468,0.3014713163974324,completed,208.59285708413356,0.1760405162005049,-4.322051277591129,-2.02994299969278
decode,8,2048,completed,5.981592797777719,0.3022312260497294,completed,10.9338516007281,0.010640235783425774,4.952258802950382,82.79164046055168
prefill,16,2048,completed,427.6052580215037,0.44615698318188024,completed,420.6858410137809,1.7560806411182077,-6.919417007722814,-1.6181786537748488
decode,16,2048,completed,8.537616503114501,0.010229154110400188,completed,20.165436880456078,0.02921929067394151,11.627820377341576,136.19515907161883
prefill,8,512,completed,55.85823121170203,0.45199932585907354,completed,52.48206763321327,0.11664856072434741,-3.3761635784887574,-6.044164853149647
decode,8,512,completed,5.919636754939954,0.3775483050419055,completed,5.605026422482398,0.01011508025130461,-0.31461033245755576,-5.314689827800878
prefill,8,4096,completed,457.06852888688445,1.7905190281944023,completed,450.45438479735617,1.9086292841808972,-6.614144089528281,-1.4470793046364339
decode,8,4096,completed,7.401864634205897,0.08452492746564448,completed,18.953979848366647,0.007472792631951667,11.55211521416075,156.07033882753663
prefill,8,8192,completed,1025.1152765885408,2.4097513695352384,completed,1014.9390803650022,6.399771046968712,-10.176196223538682,-0.9926879889453843
decode,8,8192,completed,11.159923802026444,0.024321796000619886,completed,34.67130744829774,0.04725407881222725,23.511383646271295,210.67691915604337
prefill,32,2048,completed,853.2857165775365,1.9232563215064633,completed,842.1264560272297,3.6707537256956173,-11.15926055030684,-1.3077988220716708
decode,32,2048,completed,11.993214089630378,0.042732944291645585,completed,35.63570840698149,0.058297608540880966,23.642494317351115,197.1322628001195
prefill,64,2048,oom,,,oom,,,,
decode,64,2048,oom,,,oom,,,,
