attempt,comparator,baseline,mode,batch,length,status,p_for_multiplicity,holm_adjusted_p,confirmed_local_gain,nominal_dual_gain,resolved_resident_slowdown,memory_savings_preserved,min_gpu_savings_mib,offload_reduction_ms_mean,offload_reduction_ms_lower_95,offload_reduction_ms_upper_95,gpu_reduction_ms_mean,gpu_reduction_ms_lower_95,gpu_reduction_ms_upper_95,gap_reduction_ms_mean,gap_reduction_ms_lower_95,gap_reduction_ms_upper_95,offload_speedup_mean,offload_speedup_lower_95,offload_speedup_upper_95,source_manifest
A0002,parent,A0001,decode,4,2048,measured,0.03883456057836535,1.0,False,False,False,True,2895.640625,0.02020032972925249,-0.005546945402881566,0.04594760486138655,0.000495070384608276,-0.018654549085535963,0.019644689854752515,0.019705259344644215,0.011465502862736295,0.027945015826552136,1.0027726624276885,0.9992353557210851,1.0063099691342918,/home/molly/workspace-memory-attn/memory-attention/profile/results/optimization/offload-gap-001/supplemental-01/A0002/confirmation-parent/manifest.json
A0002,parent,A0001,decode,8,512,measured,0.013088139427074118,1.0,False,True,False,True,2959.28125,0.020118161208100283,0.005831282149998666,0.0344050402662019,-0.018348555184073117,-0.05228272457803107,0.01558561420988484,0.038466716392173396,0.017572675194507864,0.05936075758983893,1.0035502545489234,1.001043418957674,1.0060570901401729,/home/molly/workspace-memory-attn/memory-attention/profile/results/optimization/offload-gap-001/supplemental-01/A0002/confirmation-parent/manifest.json
A0002,parent,A0001,decode,8,4096,measured,0.10976875604738004,1.0,False,False,False,True,2511.28125,0.03017975120908763,-0.0433741482703657,0.10373365068854096,-0.0023131827927305912,-0.006890824751639929,0.0022644591661787465,0.03249293400181822,-0.036632985838482464,0.10161885384211891,1.0015906130541716,0.9977134740531775,1.0054677520551658,/home/molly/workspace-memory-attn/memory-attention/profile/results/optimization/offload-gap-001/supplemental-01/A0002/confirmation-parent/manifest.json
A0002,parent,A0001,generation,1,2048,measured,0.0073104014254171765,0.7383505439671348,False,True,False,True,2991.90625,45.535115566518584,21.581465805782624,69.48876532725454,2.2638024451831975,-12.226951404552349,16.754556294918743,43.27131312133539,33.808396663840675,52.7342295788301,1.074575898579815,1.0351043730391034,1.1140474241205267,/home/molly/workspace-memory-attn/memory-attention/profile/results/optimization/offload-gap-001/supplemental-01/A0002/confirmation-parent/manifest.json
A0002,parent,A0001,generation,8,2048,measured,0.016059520776598904,1.0,False,True,False,True,2767.25,4.9441216099594385,1.6366581004321081,8.25158511948677,0.07243436864678188,-0.7213451879398475,0.8662139252334112,4.871687241312657,1.0216985746203826,8.721675908004931,1.0036118116155721,1.0011942701110943,1.00602935312005,/home/molly/workspace-memory-attn/memory-attention/profile/results/optimization/offload-gap-001/supplemental-01/A0002/confirmation-parent/manifest.json
A0002,current,A0016,decode,4,2048,not_run_parent_gate,1.0,1.0,False,,,,,,,,,,,,,,,,,
A0002,current,A0016,decode,8,512,measured,0.1307992404764051,1.0,False,False,False,True,2959.28125,0.08867973875668304,-0.1577231393841924,0.3350826168975585,0.006365507013268139,-0.02076974978285776,0.033500763809394034,0.0823142317434149,-0.14354440458691287,0.30817286807374267,1.0156399157295604,0.9722233102612844,1.0590565211978362,/home/molly/workspace-memory-attn/memory-attention/profile/results/optimization/offload-gap-001/supplemental-01/A0002/confirmation-current/manifest.json
A0002,current,A0016,decode,8,4096,not_run_parent_gate,1.0,1.0,False,,,,,,,,,,,,,,,,,
A0002,current,A0016,generation,1,2048,measured,0.018952785760868035,1.0,False,True,False,True,2991.90625,37.04088640709718,23.8994251646033,50.182347649591065,2.5515922655661143,-14.675885748197107,19.779070279329336,34.48929414153107,4.745293566138965,64.23329471692317,1.0606654796735713,1.039399681981741,1.0819312773654015,/home/molly/workspace-memory-attn/memory-attention/profile/results/optimization/offload-gap-001/supplemental-01/A0002/confirmation-current/manifest.json
A0002,current,A0016,generation,8,2048,measured,0.044637766846560525,1.0,False,False,False,True,2767.25,5.620302963587998,-1.6375119332918864,12.878117860467883,0.12860823836588983,-1.1336968634296989,1.3909133401614784,5.491694725222108,-2.0854562540284505,13.068845704472666,1.0041058051100518,0.9988012028199761,1.0094104074001273,/home/molly/workspace-memory-attn/memory-attention/profile/results/optimization/offload-gap-001/supplemental-01/A0002/confirmation-current/manifest.json
A0003,parent,A0001,generation,1,2048,measured,0.19245875588848887,1.0,False,False,False,True,2959.90625,7.4358472290138025,-15.805738718414794,30.6774331764424,0.7617931606041187,-12.39461939238852,13.918205713596759,6.674054068409684,-19.355027510589093,32.70313564740846,1.0118019611583202,0.9752929245690063,1.0483109977476341,/home/molly/workspace-memory-attn/memory-attention/profile/results/optimization/offload-gap-001/supplemental-01/A0003/confirmation-parent/manifest.json
A0003,current,A0016,generation,1,2048,not_run_parent_gate,1.0,1.0,False,,,,,,,,,,,,,,,,,
A0004,parent,A0001,prefill,4,2048,measured,0.02815654021724485,1.0,False,False,False,True,2895.625,1.5833681552774361,-0.006033716774872744,3.172770027329745,-0.06288092376457637,-0.3248331275471072,0.19907128001795443,1.6462490790420123,-0.1096789264533653,3.40217708453739,1.014767331024768,0.9999271613113265,1.0296075007382095,/home/molly/workspace-memory-attn/memory-attention/profile/results/optimization/offload-gap-001/supplemental-01/A0004/confirmation-parent/manifest.json
A0004,parent,A0001,prefill,8,512,measured,0.006976846768677124,0.7116383704050666,False,True,False,True,2959.25,2.195273220746053,1.067681595173902,3.3228648463182036,-0.008893038870560588,-0.09239814722931661,0.07461206948819543,2.2041662596166134,1.09128975559325,3.317042763639977,1.0415885252010053,1.0200364564674067,1.063140593934604,/home/molly/workspace-memory-attn/memory-attention/profile/results/optimization/offload-gap-001/supplemental-01/A0004/confirmation-parent/manifest.json
A0004,parent,A0001,prefill,8,4096,measured,0.9800697416783627,1.0,False,False,False,True,2511.25,-1.0420487727970074,-2.8609904648769824,0.7768929192829677,0.8284186375223991,0.5476447442535531,1.109192530791245,-1.8704674103194066,-3.5271986596062526,-0.21373616103256077,0.9976823460295662,0.9936272401400912,1.0017374519190412,/home/molly/workspace-memory-attn/memory-attention/profile/results/optimization/offload-gap-001/supplemental-01/A0004/confirmation-parent/manifest.json
A0004,parent,A0001,prefill,8,8192,measured,0.08611616413903812,1.0,False,False,False,True,1999.25,0.6506496160808789,-0.6911196695426022,1.9924189017043599,-3.2373258378357073,-8.744117142959954,2.26946546728854,3.8879754539165865,-2.959726313305208,10.735677221138381,1.0006377735663396,0.9993225076700863,1.0019530394625928,/home/molly/workspace-memory-attn/memory-attention/profile/results/optimization/offload-gap-001/supplemental-01/A0004/confirmation-parent/manifest.json
A0004,current,A0016,prefill,4,2048,not_run_parent_gate,1.0,1.0,False,,,,,,,,,,,,,,,,,
A0004,current,A0016,prefill,8,512,measured,0.005474262007755845,0.5693232488066079,False,True,False,True,2959.25,2.3244620507789953,1.6765401295027647,2.972383972055226,-0.04756533437304711,-0.4986745538335751,0.4035438850874809,2.3720273851520424,1.2952575026651403,3.4487972676389447,1.0441377270151904,1.0317740134857907,1.05650144054459,/home/molly/workspace-memory-attn/memory-attention/profile/results/optimization/offload-gap-001/supplemental-01/A0004/confirmation-current/manifest.json
A0004,current,A0016,prefill,8,4096,not_run_parent_gate,1.0,1.0,False,,,,,,,,,,,,,,,,,
A0004,current,A0016,prefill,8,8192,not_run_parent_gate,1.0,1.0,False,,,,,,,,,,,,,,,,,
A0005,parent,A0001,decode,4,2048,measured,0.22604802719506006,1.0,False,False,False,True,2895.640625,0.04352381349437747,-0.1407003191030468,0.22774794609180177,0.0026814484347899756,-0.00852989416862724,0.013892791038207192,0.04084236505958749,-0.14887850794796187,0.23056323806713686,1.0059500082458463,0.9807504886037245,1.031149527887968,/home/molly/workspace-memory-attn/memory-attention/profile/results/optimization/offload-gap-001/supplemental-01/A0005/confirmation-parent/manifest.json
A0005,parent,A0001,decode,8,8192,measured,0.5101617552444119,1.0,False,False,False,True,1999.28125,0.01754021892944972,-0.06434611739174438,0.09942655525064382,0.01827209877471366,-0.02640333891580812,0.06294753646523543,-0.0007318798452639422,-0.11027185773888593,0.10880809804835803,1.000505775427985,0.9981445501213417,1.002867000734628,/home/molly/workspace-memory-attn/memory-attention/profile/results/optimization/offload-gap-001/supplemental-01/A0005/confirmation-parent/manifest.json
A0005,parent,A0001,generation,1,2048,measured,0.4903661470191455,1.0,False,False,False,True,2991.90625,0.4432710198064645,-69.5377052167868,70.42424725639972,-5.594219432936749,-16.07557872316661,4.887139857293113,6.037490452743214,-54.702713708417015,66.77769461390344,1.0016826294631433,0.8939050225648162,1.1094602363614705,/home/molly/workspace-memory-attn/memory-attention/profile/results/optimization/offload-gap-001/supplemental-01/A0005/confirmation-parent/manifest.json
A0005,parent,A0001,generation,8,2048,measured,0.056979341568931835,1.0,False,False,False,True,2767.25,1.8630809047155406,-1.1027634133152409,4.828925222746322,-0.20703990012407303,-1.0291073484293611,0.6150275481812151,2.0701208048396134,-1.185383411525978,5.325625021205205,1.0013577199502723,0.9991956119758358,1.0035198279247088,/home/molly/workspace-memory-attn/memory-attention/profile/results/optimization/offload-gap-001/supplemental-01/A0005/confirmation-parent/manifest.json
A0005,current,A0016,decode,4,2048,not_run_parent_gate,1.0,1.0,False,,,,,,,,,,,,,,,,,
A0005,current,A0016,decode,8,8192,not_run_parent_gate,1.0,1.0,False,,,,,,,,,,,,,,,,,
A0005,current,A0016,generation,1,2048,not_run_parent_gate,1.0,1.0,False,,,,,,,,,,,,,,,,,
A0005,current,A0016,generation,8,2048,not_run_parent_gate,1.0,1.0,False,,,,,,,,,,,,,,,,,
A0006,parent,A0001,generation,1,2048,measured,0.12478633618233224,1.0,False,False,False,True,2991.90625,20.855048526492396,-35.029843777739636,76.73994083072444,-6.426136630276839,-31.11606318314598,18.2637899225923,27.281185156769236,-5.504798204720256,60.067168518258725,1.0333523865705552,0.9450688476102501,1.1216359255308603,/home/molly/workspace-memory-attn/memory-attention/profile/results/optimization/offload-gap-001/supplemental-01/A0006/confirmation-parent/manifest.json
A0006,parent,A0001,prefill,4,2048,measured,0.3724923787490505,1.0,False,False,False,True,2895.625,0.18144627101718905,-1.740342108676968,2.103234650711346,0.017367044670715853,-0.13329032313763126,0.16802441247906294,0.1640792263464732,-1.728730467376104,2.05688892006905,1.0016701262070091,0.9841123595151637,1.0192278928988545,/home/molly/workspace-memory-attn/memory-attention/profile/results/optimization/offload-gap-001/supplemental-01/A0006/confirmation-parent/manifest.json
A0006,current,A0016,generation,1,2048,not_run_parent_gate,1.0,1.0,False,,,,,,,,,,,,,,,,,
A0006,current,A0016,prefill,4,2048,not_run_parent_gate,1.0,1.0,False,,,,,,,,,,,,,,,,,
A0007,parent,A0001,decode,8,8192,measured,0.15903734122654406,1.0,False,False,False,True,1999.28125,0.04513233175708109,-0.05000561783536735,0.1402702813495295,0.02234039000339057,-0.0016088462353849482,0.04628962624216609,0.02279194175369052,-0.051584211755622944,0.09716809526300399,1.001301979332991,0.998558036743291,1.004045921922691,/home/molly/workspace-memory-attn/memory-attention/profile/results/optimization/offload-gap-001/supplemental-01/A0007/confirmation-parent/manifest.json
A0007,parent,A0001,prefill,4,2048,measured,0.38741335350398187,1.0,False,False,False,True,2895.625,0.33889617253509147,-3.8583881329088237,4.5361804779790065,-0.0034862560116550867,-0.737333838422999,0.7303613263996889,0.34238242854674655,-4.164922478660916,4.849687335754409,1.0031663613387796,0.9646779091189882,1.041654813558571,/home/molly/workspace-memory-attn/memory-attention/profile/results/optimization/offload-gap-001/supplemental-01/A0007/confirmation-parent/manifest.json
A0007,parent,A0001,prefill,8,4096,measured,0.905333159785862,1.0,False,False,False,True,2511.25,-1.3688869463900535,-4.3769012693654865,1.6391273765853793,0.25727007434600563,-1.0343161968432604,1.5488563455352717,-1.6261570207360592,-5.92336339569829,2.671049354226172,0.9969580889886509,0.990274423318142,1.0036417546591598,/home/molly/workspace-memory-attn/memory-attention/profile/results/optimization/offload-gap-001/supplemental-01/A0007/confirmation-parent/manifest.json
A0007,current,A0016,decode,8,8192,not_run_parent_gate,1.0,1.0,False,,,,,,,,,,,,,,,,,
A0007,current,A0016,prefill,4,2048,not_run_parent_gate,1.0,1.0,False,,,,,,,,,,,,,,,,,
A0007,current,A0016,prefill,8,4096,not_run_parent_gate,1.0,1.0,False,,,,,,,,,,,,,,,,,
A0008,parent,A0001,generation,1,2048,measured,0.024712355766405427,1.0,False,True,False,True,2991.90625,14.92989604464833,0.09293379137565339,29.766858297921008,-4.310223418805322,-27.79259447809568,19.172147640485036,19.240119463453652,2.8248297357212593,35.655409191186045,1.0238249762836804,0.9998639616521472,1.0477859909152136,/home/molly/workspace-memory-attn/memory-attention/profile/results/optimization/offload-gap-001/supplemental-01/A0008/confirmation-parent/manifest.json
A0008,parent,A0001,prefill,4,2048,measured,0.1144713623470386,1.0,False,False,False,True,2895.625,0.8286157002051672,-1.1855300866710978,2.8427614870814324,-0.05634662488268324,-0.3226920909772074,0.20999884121184095,0.8849623250878503,-1.3385480848477873,3.1084727350234878,1.0076245753122994,0.9890727364669286,1.0261764141576701,/home/molly/workspace-memory-attn/memory-attention/profile/results/optimization/offload-gap-001/supplemental-01/A0008/confirmation-parent/manifest.json
A0008,parent,A0001,prefill,8,512,measured,0.0015022424051063037,0.1622421797514808,False,True,False,True,2959.25,2.1597268111589876,1.6492212662709158,2.6702323560470593,-0.02065052588780721,-0.15163197968338207,0.11033092790776765,2.1803773370467945,1.7792928180705454,2.5814618560230436,1.040848753923486,1.0312319152022693,1.0504655926447029,/home/molly/workspace-memory-attn/memory-attention/profile/results/optimization/offload-gap-001/supplemental-01/A0008/confirmation-parent/manifest.json
A0008,current,A0016,generation,1,2048,measured,0.34934644375941004,1.0,False,False,False,True,2991.90625,5.345606669369697,-46.12294851459138,56.814161853330766,-5.7264984067943105,-16.193787869333097,4.740791055744476,11.072105076164007,-50.70680937490736,72.85101952723537,1.0085123734844252,0.9279597919235417,1.0890649550453086,/home/molly/workspace-memory-attn/memory-attention/profile/results/optimization/offload-gap-001/supplemental-01/A0008/confirmation-current/manifest.json
A0008,current,A0016,prefill,4,2048,not_run_parent_gate,1.0,1.0,False,,,,,,,,,,,,,,,,,
A0008,current,A0016,prefill,8,512,measured,0.003927451700733259,0.4123824285769922,False,True,False,True,2959.25,2.1328495453215317,1.4199627410880618,2.8457363495550014,-0.030538305226298707,-0.42134977132324297,0.3602731608706456,2.16338785054783,1.3335152973584865,2.9932604037371737,1.0402693527647686,1.0265152734198015,1.0540234321097357,/home/molly/workspace-memory-attn/memory-attention/profile/results/optimization/offload-gap-001/supplemental-01/A0008/confirmation-current/manifest.json
A0010,parent,A0001,decode,8,8192,measured,0.9048259192714443,1.0,False,False,False,True,1999.28125,-0.023748497996062195,-0.09298122117253124,0.045484225180406845,0.004998553130363348,-0.015573063416595704,0.0255701696773224,-0.028747051126425543,-0.09214688936508249,0.034652787112231395,0.9993158484093376,0.9973219398923345,1.0013097569263407,/home/molly/workspace-memory-attn/memory-attention/profile/results/optimization/offload-gap-001/supplemental-01/A0010/confirmation-parent/manifest.json
A0010,parent,A0001,generation,1,2048,measured,0.9108976562320348,1.0,False,False,False,True,2991.90625,-20.947670667535704,-65.13550602305024,23.240164687978833,0.6650565606024657,-11.456738654950877,12.786851776155808,-21.61272722813817,-74.68625964790577,31.460805191629433,0.9688119598600263,0.9064551206472786,1.031168799072774,/home/molly/workspace-memory-attn/memory-attention/profile/results/optimization/offload-gap-001/supplemental-01/A0010/confirmation-parent/manifest.json
A0010,parent,A0001,prefill,4,2048,measured,0.760067833390126,1.0,False,False,False,True,2895.625,-0.21616308949887753,-1.2960707233702633,0.8637445443725082,0.0035307059685341833,-0.027972877275054608,0.035034289212122975,-0.21969379546741172,-1.3304259356092085,0.8910383446743851,0.9980254077077096,0.9881260808622949,1.0079247345531244,/home/molly/workspace-memory-attn/memory-attention/profile/results/optimization/offload-gap-001/supplemental-01/A0010/confirmation-parent/manifest.json
A0010,current,A0016,decode,8,8192,not_run_parent_gate,1.0,1.0,False,,,,,,,,,,,,,,,,,
A0010,current,A0016,generation,1,2048,not_run_parent_gate,1.0,1.0,False,,,,,,,,,,,,,,,,,
A0010,current,A0016,prefill,4,2048,not_run_parent_gate,1.0,1.0,False,,,,,,,,,,,,,,,,,
A0011,parent,A0001,decode,8,8192,measured,0.010492440694356156,1.0,False,True,False,True,1999.28125,0.032657488352723384,0.011975490201347798,0.05333948650409897,-0.012711425208382346,-0.053913822115023706,0.028490971698259017,0.04536891356110573,0.018227496742888254,0.0725103303793232,1.0009414975111244,1.0003460157784605,1.0015369792437883,/home/molly/workspace-memory-attn/memory-attention/profile/results/optimization/offload-gap-001/supplemental-01/A0011/confirmation-parent/manifest.json
A0011,parent,A0001,prefill,4,2048,measured,0.7346973632794433,1.0,False,False,False,True,2895.625,-0.3001969980282884,-2.0182812443370217,1.417887248280445,0.0963576344980197,-0.8105395907456736,1.003254859741713,-0.3965546325263081,-2.7356284130384276,1.9425191479858113,0.997259329440689,0.9815399800048777,1.0129786788765,/home/molly/workspace-memory-attn/memory-attention/profile/results/optimization/offload-gap-001/supplemental-01/A0011/confirmation-parent/manifest.json
A0011,parent,A0001,prefill,8,4096,measured,0.9848292096427254,1.0,False,False,False,True,2511.25,-1.4607789098388555,-3.7885297567207807,0.86697193704307,0.88824761720997,0.3619628706016047,1.4145323638183354,-2.3490265270488258,-4.150819984800607,-0.5472330692970451,0.9967562200440533,0.9915731861438178,1.0019392539442886,/home/molly/workspace-memory-attn/memory-attention/profile/results/optimization/offload-gap-001/supplemental-01/A0011/confirmation-parent/manifest.json
A0011,parent,A0001,prefill,8,8192,measured,0.7284703260155472,1.0,False,False,False,True,1999.25,-2.339526803957104,-16.19540647760743,11.516352869693222,-2.472992339688858,-12.209083495582073,7.263098816204357,0.13346553573175393,-23.45359786587775,23.72052893734126,0.9976822911187783,0.9839964471523458,1.0113681350852106,/home/molly/workspace-memory-attn/memory-attention/profile/results/optimization/offload-gap-001/supplemental-01/A0011/confirmation-parent/manifest.json
A0011,parent,A0001,decode,4,2048,measured,0.6719712697941864,1.0,False,False,False,True,2895.640625,-0.002949219197034836,-0.08768024274384989,0.08178180434978022,0.006794484539164536,-0.01602176731536288,0.029610736393691953,-0.009743703736199372,-0.09067579524509127,0.07118838777269253,0.9995969841150739,0.9880660555871793,1.0111279126429684,/home/molly/workspace-memory-attn/memory-attention/profile/results/optimization/offload-gap-001/supplemental-01/A0011/confirmation-parent/manifest.json
A0011,parent,A0001,decode,8,4096,measured,0.14907009573934576,1.0,False,False,False,True,2511.28125,0.024624877712792426,-0.0402044694007007,0.08945422482628555,4.59711170866702e-05,-0.013194452939490633,0.013286395173663975,0.024578906595705757,-0.05131477782678562,0.10047259101819714,1.0012960689736061,0.9978803426358193,1.0047117953113929,/home/molly/workspace-memory-attn/memory-attention/profile/results/optimization/offload-gap-001/supplemental-01/A0011/confirmation-parent/manifest.json
A0011,parent,A0001,decode,16,2048,measured,0.5191587829105544,1.0,False,False,False,True,2510.5625,0.012145269041261267,-0.08781844426577401,0.11210898234829655,0.013503163225120574,-0.0023910539861436847,0.029397380436384832,-0.0013578941838593057,-0.10909622824983709,0.10638043988211848,1.0006004721717023,0.9956686930894939,1.0055322512539109,/home/molly/workspace-memory-attn/memory-attention/profile/results/optimization/offload-gap-001/supplemental-01/A0011/confirmation-parent/manifest.json
A0011,current,A0016,decode,8,8192,measured,0.7844598607393775,1.0,False,False,False,True,1999.28125,-0.028576722575557767,-0.16663770402932757,0.10948425887821203,0.005394541141058085,-0.007373123270032013,0.018162205552148182,-0.03397126371661585,-0.18337499706976007,0.11543246963652837,0.999177612263218,0.9952027351538797,1.0031524893725563,/home/molly/workspace-memory-attn/memory-attention/profile/results/optimization/offload-gap-001/supplemental-01/A0011/confirmation-current/manifest.json
A0011,current,A0016,prefill,4,2048,not_run_parent_gate,1.0,1.0,False,,,,,,,,,,,,,,,,,
A0011,current,A0016,prefill,8,4096,not_run_parent_gate,1.0,1.0,False,,,,,,,,,,,,,,,,,
A0011,current,A0016,prefill,8,8192,not_run_parent_gate,1.0,1.0,False,,,,,,,,,,,,,,,,,
A0011,current,A0016,decode,4,2048,not_run_parent_gate,1.0,1.0,False,,,,,,,,,,,,,,,,,
A0011,current,A0016,decode,8,4096,not_run_parent_gate,1.0,1.0,False,,,,,,,,,,,,,,,,,
A0011,current,A0016,decode,16,2048,not_run_parent_gate,1.0,1.0,False,,,,,,,,,,,,,,,,,
A0012,parent,A0001,generation,1,2048,measured,0.287133872313008,1.0,False,False,False,True,2991.90625,5.76867579172055,-31.533749814767884,43.07110139820898,-1.9483160951899283,-19.277206841749173,15.380574651369317,7.716991886910478,-18.468377750343855,33.90236152416481,1.00889040105512,0.9510772764737558,1.0667035256364843,/home/molly/workspace-memory-attn/memory-attention/profile/results/optimization/offload-gap-001/supplemental-01/A0012/confirmation-parent/manifest.json
A0012,parent,A0001,prefill,8,8192,measured,0.13196170244923391,1.0,False,False,False,True,1999.25,0.5710651270217492,-1.026679341283284,2.1688095953267825,-5.617736445532917,-17.324416335872492,6.088943444806657,6.188801572554667,-6.4712037332291015,18.848806878338436,1.0005601410943872,0.9989919142521388,1.0021283679366355,/home/molly/workspace-memory-attn/memory-attention/profile/results/optimization/offload-gap-001/supplemental-01/A0012/confirmation-parent/manifest.json
A0012,current,A0016,generation,1,2048,not_run_parent_gate,1.0,1.0,False,,,,,,,,,,,,,,,,,
A0012,current,A0016,prefill,8,8192,not_run_parent_gate,1.0,1.0,False,,,,,,,,,,,,,,,,,
A0013,parent,A0001,generation,8,2048,measured,0.0015915490420999674,0.1702957475046965,False,True,False,True,2767.25,30.159187834295988,23.824872025319873,36.4935036432721,-0.04695277247166511,-1.1299423508816617,1.0360368059383314,30.20614060676765,22.85600627214326,37.55627494139204,1.0224087483337798,1.0176771214098568,1.0271403752577029,/home/molly/workspace-memory-attn/memory-attention/profile/results/optimization/offload-gap-001/supplemental-01/A0013/confirmation-parent/manifest.json
A0013,parent,A0001,decode,16,2048,measured,0.008431847206834892,0.8431847206834893,False,True,False,True,2510.5625,0.1428556214604105,0.09982326037396169,0.18588798254685931,-0.0033639060954252877,-0.07867305494179068,0.0719452427509401,0.14621952755583578,0.06346998833203954,0.22896906677963202,1.0070738792724387,1.004943312426952,1.0092044461179255,/home/molly/workspace-memory-attn/memory-attention/profile/results/optimization/offload-gap-001/supplemental-01/A0013/confirmation-parent/manifest.json
A0013,current,A0016,generation,8,2048,measured,0.00011621578137707997,0.013016167514232957,True,True,False,True,2767.25,29.049928165558413,27.424469120678463,30.675387210438362,0.011199505792698497,-1.2181347785932544,1.2405337901786515,29.038728659765713,27.13354361772864,30.943913701802785,1.0216011767846256,1.0203666826416662,1.022835670927585,/home/molly/workspace-memory-attn/memory-attention/profile/results/optimization/offload-gap-001/supplemental-01/A0013/confirmation-current/manifest.json
A0013,current,A0016,decode,16,2048,measured,0.025235051082674233,1.0,False,False,False,True,2510.5625,0.14052271532515803,0.00033314295841044284,0.2807122876919056,0.011682551768090596,-0.007148806005159788,0.030513909541340978,0.12884016355706743,-0.0006527381896488382,0.2583330653037837,1.006963349701897,0.9999859230400165,1.0139407763637776,/home/molly/workspace-memory-attn/memory-attention/profile/results/optimization/offload-gap-001/supplemental-01/A0013/confirmation-current/manifest.json
A0014,parent,A0001,prefill,4,2048,measured,0.003770876517634919,0.39971291086930144,False,True,False,True,2991.625,3.1492813749031874,1.9658276380863444,4.33273511172003,0.0004258575952699554,-0.028137061854526607,0.02898877704506652,3.148855517307917,1.9680733241142796,4.329637710501554,1.0296558060413983,1.0185367860279946,1.040774826054802,/home/molly/workspace-memory-attn/memory-attention/profile/results/optimization/offload-gap-001/supplemental-01/A0014/confirmation-parent/manifest.json
A0014,parent,A0001,prefill,8,512,measured,0.00020138399558525334,0.02235362350996312,True,True,False,True,3007.25,2.3560872197978995,2.152576938748477,2.559597500847322,-0.005841617368988731,-0.061301951648558985,0.04961871691058153,2.361928837166888,2.185706455781149,2.538151218552627,1.0449511221530696,1.0407340096426965,1.0491682346634428,/home/molly/workspace-memory-attn/memory-attention/profile/results/optimization/offload-gap-001/supplemental-01/A0014/confirmation-parent/manifest.json
A0014,parent,A0001,prefill,8,4096,measured,0.8949507547433416,1.0,False,False,False,True,2895.25,-0.17065255799226028,-3.1519216551353253,2.8106165391508044,0.8427987961719244,0.24006544451809664,1.4455321478257521,-1.0134513541641847,-3.4071931026441895,1.3802903943158198,0.999611176546817,0.9930021945476678,1.006220158545966,/home/molly/workspace-memory-attn/memory-attention/profile/results/optimization/offload-gap-001/supplemental-01/A0014/confirmation-parent/manifest.json
A0014,parent,A0001,prefill,8,8192,measured,0.16469833826337804,1.0,False,False,False,True,2767.25,1.6700021612147868,-3.95041959500824,7.290423917437813,-3.0611014614502587,-10.066859253374814,3.9446563304742956,4.731103622665046,-7.8901702912775935,17.352377536607683,1.0016396059950574,0.9961208468105424,1.0071583651795724,/home/molly/workspace-memory-attn/memory-attention/profile/results/optimization/offload-gap-001/supplemental-01/A0014/confirmation-parent/manifest.json
A0014,parent,A0001,prefill,16,2048,measured,0.03742650371562648,1.0,False,False,False,True,2894.5,2.0808744140797253,-0.013554798546465463,4.175303626705916,-0.06595302062729995,-0.8265441004476326,0.6946380591930328,2.1468274347070255,-0.53323102470012,4.826885894114171,1.0049073971648599,0.9999789101453086,1.0098358841844113,/home/molly/workspace-memory-attn/memory-attention/profile/results/optimization/offload-gap-001/supplemental-01/A0014/confirmation-parent/manifest.json
A0014,current,A0016,prefill,4,2048,measured,0.011393451226644678,1.0,False,True,False,True,2991.625,2.6541762933548987,2.3345862057140825,2.973766380995715,0.15489107204807814,-1.2367672865425952,1.5465494306387513,2.4992852213068204,0.8476382498085617,4.1509321928050795,1.0249583916995788,1.02218547548085,1.0277313079183077,/home/molly/workspace-memory-attn/memory-attention/profile/results/optimization/offload-gap-001/supplemental-01/A0014/confirmation-current/manifest.json
A0014,current,A0016,prefill,8,512,measured,0.00024855849045403086,0.027341433949943397,True,True,False,True,3007.25,2.776183079307278,2.5097576552481042,3.042608503366452,0.015831981889074125,-0.01677744935394244,0.04844141313209069,2.7603510974182037,2.524557655431913,2.9961445394044945,1.053065005351869,1.0479924814150745,1.0581375292886637,/home/molly/workspace-memory-attn/memory-attention/profile/results/optimization/offload-gap-001/supplemental-01/A0014/confirmation-current/manifest.json
A0014,current,A0016,prefill,8,4096,not_run_parent_gate,1.0,1.0,False,,,,,,,,,,,,,,,,,
A0014,current,A0016,prefill,8,8192,not_run_parent_gate,1.0,1.0,False,,,,,,,,,,,,,,,,,
A0014,current,A0016,prefill,16,2048,not_run_parent_gate,1.0,1.0,False,,,,,,,,,,,,,,,,,
A0015,parent,A0001,generation,8,2048,measured,0.11056144749932369,1.0,False,False,False,True,2767.125,1.2568100148604724,-0.8199581878256506,3.333578217546595,0.04540434521110607,-1.6336867213094428,1.724495411731655,1.2114056696493662,-1.7563749195216412,4.179186258820374,1.000913818345724,0.9994052689489672,1.0024223677424808,/home/molly/workspace-memory-attn/memory-attention/profile/results/optimization/offload-gap-001/supplemental-01/A0015/confirmation-parent/manifest.json
A0015,parent,A0001,prefill,4,2048,measured,0.7066588400235959,1.0,False,False,False,True,2895.5625,-0.3151771508985064,-2.4277584742108806,1.7974041724138679,-0.034794946097671677,-0.6290801786297174,0.5594902864343742,-0.2803822048008347,-2.956385425510154,2.395621015908484,0.997130646742499,0.9778441388783606,1.0164171546066372,/home/molly/workspace-memory-attn/memory-attention/profile/results/optimization/offload-gap-001/supplemental-01/A0015/confirmation-parent/manifest.json
A0015,parent,A0001,prefill,8,4096,measured,0.047238610695922105,1.0,False,False,False,True,2511.0,1.1590539788206418,-0.4932738158868626,2.8113817735281463,0.6146729354643222,-0.3815795905012702,1.6109254614299147,0.5443810433563195,-0.12197757406014054,1.2107396607727796,1.0025721853057492,0.9989338070048556,1.0062105636066427,/home/molly/workspace-memory-attn/memory-attention/profile/results/optimization/offload-gap-001/supplemental-01/A0015/confirmation-parent/manifest.json
A0015,parent,A0001,prefill,8,8192,measured,0.03481208784121493,1.0,False,False,False,True,1998.75,7.294760452997328,1.5664331215537164,13.02308778444094,-2.4061102161391545,-8.35314780800902,3.5409273757307105,9.700870669136483,-1.928991385767782,21.33073272404075,1.0072025804935751,1.0015444970044307,1.0128606639827196,/home/molly/workspace-memory-attn/memory-attention/profile/results/optimization/offload-gap-001/supplemental-01/A0015/confirmation-parent/manifest.json
A0015,parent,A0001,prefill,16,2048,measured,0.016961242462672513,1.0,False,True,False,True,2510.25,3.0587476109051104,1.1542016639598678,4.963293557850353,-0.1355444029387248,-0.8831893271367774,0.6121005212593278,3.1942920138438353,0.596358178582935,5.792225849104735,1.0072327887945256,1.0027453248959945,1.0117202526930567,/home/molly/workspace-memory-attn/memory-attention/profile/results/optimization/offload-gap-001/supplemental-01/A0015/confirmation-parent/manifest.json
A0015,current,A0016,generation,8,2048,not_run_parent_gate,1.0,1.0,False,,,,,,,,,,,,,,,,,
A0015,current,A0016,prefill,4,2048,not_run_parent_gate,1.0,1.0,False,,,,,,,,,,,,,,,,,
A0015,current,A0016,prefill,8,4096,not_run_parent_gate,1.0,1.0,False,,,,,,,,,,,,,,,,,
A0015,current,A0016,prefill,8,8192,not_run_parent_gate,1.0,1.0,False,,,,,,,,,,,,,,,,,
A0015,current,A0016,prefill,16,2048,measured,0.00037570938607179265,0.0409523230818254,False,True,True,True,2510.25,2.164733947979073,1.9569833340210905,2.3724845619370556,-0.06322709636555146,-0.11870963623994349,-0.007744556491159425,2.2279610443446245,1.9650373241455945,2.4908847645436545,1.005127825587684,1.0046318702496155,1.0056237809257527,/home/molly/workspace-memory-attn/memory-attention/profile/results/optimization/offload-gap-001/supplemental-01/A0015/confirmation-current/manifest.json
A0017,parent,A0016,decode,8,8192,measured,0.300784950013241,1.0,False,False,False,True,1999.28125,0.013454749973284663,-0.08077937872976905,0.10768887867633838,-0.0054546890573400715,-0.014973740802958178,0.004064362688278035,0.018909439030624735,-0.08480821695729726,0.12262709501854674,1.0003875604439842,0.9976741577190649,1.0031009631689036,/home/molly/workspace-memory-attn/memory-attention/profile/results/optimization/offload-gap-001/supplemental-01/A0017/confirmation-parent/manifest.json
A0017,parent,A0016,generation,8,2048,measured,0.8041113255704486,1.0,False,False,False,True,2767.25,-1.5923258951968364,-7.914746936704847,4.730095146311174,-0.489052592052379,-1.9811764248244483,1.0030712407196904,-1.1032733031444575,-7.544097294479374,5.337550688190459,0.9988445298449199,0.9942488744550015,1.0034401852348382,/home/molly/workspace-memory-attn/memory-attention/profile/results/optimization/offload-gap-001/supplemental-01/A0017/confirmation-parent/manifest.json
A0017,parent,A0016,prefill,4,2048,measured,0.045628647787703334,1.0,False,False,False,True,2895.625,2.138715263249144,-0.8458952040924368,5.123325730590725,-0.031646573916077614,-0.47582876297473775,0.4125356151425825,2.170361837165222,-0.8622721419022756,5.202995816232719,1.0199137575029071,0.9920379091762711,1.0477896058295433,/home/molly/workspace-memory-attn/memory-attention/profile/results/optimization/offload-gap-001/supplemental-01/A0017/confirmation-parent/manifest.json
A0017,parent,A0016,prefill,8,4096,measured,0.006259958198496369,0.6447756944451261,False,True,False,True,2511.25,1.7896424668530624,0.9250733912720243,2.6542115424341004,-0.9402624900556399,-3.0649676159901054,1.1844426358788258,2.7299049569087024,1.4031442944556494,4.056665619361755,1.0039606625098647,1.0020867601671835,1.005834564852546,/home/molly/workspace-memory-attn/memory-attention/profile/results/optimization/offload-gap-001/supplemental-01/A0017/confirmation-parent/manifest.json
A0017,parent,A0016,prefill,8,8192,measured,0.5824429746725868,1.0,False,False,False,True,1999.25,-0.3003649413585663,-5.766765946103264,5.166036063386131,-0.7424192606575085,-6.288110153571171,4.803271632256154,0.4420543192989423,-10.570037101308298,11.454145739906181,0.9997034715641904,0.9943374621420095,1.0050694809863712,/home/molly/workspace-memory-attn/memory-attention/profile/results/optimization/offload-gap-001/supplemental-01/A0017/confirmation-parent/manifest.json
A0017,parent,A0016,prefill,16,2048,measured,0.18284332373884904,1.0,False,False,False,True,2510.5,1.2011675733245208,0.6017818471568885,1.8005532994921531,0.6090059824701749,-1.0075678760972728,2.2255798410376224,0.5921615908543458,-1.6035732564098355,2.787896438118527,1.0028362508661528,1.0014141816296531,1.0042583201026525,/home/molly/workspace-memory-attn/memory-attention/profile/results/optimization/offload-gap-001/supplemental-01/A0017/confirmation-parent/manifest.json
A0018,parent,A0016,decode,8,8192,measured,0.18972466451812564,1.0,False,False,False,True,1999.28125,0.06098737422790871,-0.10330503189802942,0.22527978035384683,0.008449299881855646,-0.05533964258652823,0.07223824235023953,0.052538074346053065,-0.14945031250582855,0.25452646119793465,1.0017573094685042,0.9970245691707729,1.0064900497662355,/home/molly/workspace-memory-attn/memory-attention/profile/results/optimization/offload-gap-001/supplemental-01/A0018/confirmation-parent/manifest.json
A0018,parent,A0016,generation,1,2048,measured,0.8784389849180375,1.0,False,False,False,True,3015.90625,-12.985276337712966,-60.376506348568014,34.40595367314208,1.3146812406678994,-14.928341798668272,17.55770428000407,-14.299957578380864,-51.86753043589168,23.267615279129956,0.9803764960804325,0.9077009217674867,1.0530520703933783,/home/molly/workspace-memory-attn/memory-attention/profile/results/optimization/offload-gap-001/supplemental-01/A0018/confirmation-parent/manifest.json
A0018,parent,A0016,generation,8,2048,measured,0.6398308865925915,1.0,False,False,False,True,2767.25,-0.26619800676902133,-3.0466078626513458,2.5142118491133028,-0.32489120753264916,-1.7575106601692245,1.1077282451039263,0.05869320076362783,-1.6953998375732473,1.812786239100503,0.9998074548011171,0.997787866132607,1.0018270434696273,/home/molly/workspace-memory-attn/memory-attention/profile/results/optimization/offload-gap-001/supplemental-01/A0018/confirmation-parent/manifest.json
A0018,parent,A0016,prefill,4,2048,measured,0.9320239415126735,1.0,False,False,False,True,2895.625,-1.191288703638648,-3.377070624672281,0.994493217394985,0.03265031716889647,-0.305089648225334,0.370390282563127,-1.2239390208075445,-3.3934646615133115,0.9455866198982223,0.9892141661491829,0.9694763470337314,1.0089519852646345,/home/molly/workspace-memory-attn/memory-attention/profile/results/optimization/offload-gap-001/supplemental-01/A0018/confirmation-parent/manifest.json
A0018,parent,A0016,prefill,8,8192,measured,0.8969380884078074,1.0,False,False,False,True,1999.25,-5.106819436575013,-17.0077071153882,6.794068242238173,-0.7276005835996481,-7.562801231859464,6.107600064660168,-4.379218852975366,-23.115275919272708,14.356838213321975,0.994978138537418,0.9832788892836296,1.0066773877912063,/home/molly/workspace-memory-attn/memory-attention/profile/results/optimization/offload-gap-001/supplemental-01/A0018/confirmation-parent/manifest.json
A0018,parent,A0016,prefill,16,2048,measured,0.8887254493470584,1.0,False,False,False,True,2510.5,-0.270122900191249,-1.1762695866608077,0.6360237862783096,0.8416517741150263,-1.0243379070795835,2.707641455309636,-1.1117746743062753,-3.848157354721011,1.6246080061084602,0.9993646795766664,0.9972326507826799,1.001496708370653,/home/molly/workspace-memory-attn/memory-attention/profile/results/optimization/offload-gap-001/supplemental-01/A0018/confirmation-parent/manifest.json
A0019,parent,A0016,prefill,8,512,measured,0.7294214047532228,1.0,False,False,False,True,2975.25,-0.29725922892491025,-2.116365852250121,1.5218473944003006,0.0165002886205959,-0.21975486892740298,0.2527554461685948,-0.31375951754550613,-2.1622628674759454,1.5347438323849332,0.9946219129514955,0.9616052515464679,1.027638574356523,/home/molly/workspace-memory-attn/memory-attention/profile/results/optimization/offload-gap-001/supplemental-01/A0019/confirmation-parent/manifest.json
A0019,parent,A0016,prefill,8,4096,measured,0.2959866389867234,1.0,False,False,False,True,2639.25,0.1886678186969751,-1.0956929145378271,1.4730285519317772,-1.4060201278577438,-4.707681497318294,1.895641241602807,1.5946879465547188,-2.9793134737264904,6.1686893668359275,1.0004187316677855,0.9975789276012204,1.0032585357343506,/home/molly/workspace-memory-attn/memory-attention/profile/results/optimization/offload-gap-001/supplemental-01/A0019/confirmation-parent/manifest.json
A0020,parent,A0016,decode,8,8192,measured,0.5475116129798235,1.0,False,False,False,True,1999.28125,-0.004960674171646436,-0.16307186579628538,0.1531505174529925,-0.007347788454756217,-0.039077847037092946,0.02438227012758051,0.0023871142831097814,-0.1342930537276211,0.13906728229384066,0.9998573900705953,0.9953046268036214,1.0044101533375691,/home/molly/workspace-memory-attn/memory-attention/profile/results/optimization/offload-gap-001/supplemental-01/A0020/confirmation-parent/manifest.json
A0020,parent,A0016,generation,1,2048,measured,0.7463902584914461,1.0,False,False,False,True,3015.90625,-15.810129522449415,-129.37543889647867,97.75517985157983,2.199901309278289,-21.874138565754347,26.273941184310925,-18.010030831727704,-114.76608914092641,78.746027477471,0.9777486574811266,0.8024760641383775,1.1530212508238757,/home/molly/workspace-memory-attn/memory-attention/profile/results/optimization/offload-gap-001/supplemental-01/A0020/confirmation-parent/manifest.json
A0020,parent,A0016,prefill,4,2048,measured,0.9635313101011076,1.0,False,False,False,True,2895.625,-0.7349596721016667,-1.6392309343857412,0.1693115901824077,-0.025905932610233624,-0.16046965664953172,0.10865779142906447,-0.709053739491433,-1.7313533739887066,0.31324589500584066,0.993309125102176,0.9851104582258368,1.0015077919785151,/home/molly/workspace-memory-attn/memory-attention/profile/results/optimization/offload-gap-001/supplemental-01/A0020/confirmation-parent/manifest.json
A0020,parent,A0016,prefill,8,512,measured,0.7451958410444157,1.0,False,False,False,True,2959.25,-0.210867842866314,-1.3510047927842574,0.9292691070516295,-0.019419886585737345,-0.12218953721029116,0.08334976403881647,-0.19144795628057665,-1.3730328533375997,0.9901369407764464,0.9961926669032601,0.9756294434617474,1.0167558903447729,/home/molly/workspace-memory-attn/memory-attention/profile/results/optimization/offload-gap-001/supplemental-01/A0020/confirmation-parent/manifest.json
A0020,parent,A0016,prefill,8,8192,measured,0.88569366200927,1.0,False,False,False,True,1999.25,-5.2894226689305315,-18.565323252772142,7.986477914911078,0.2956438706152464,-7.5077276273111,8.099015368541593,-5.585066539545778,-26.64839407883483,15.478260999743274,0.9947810498724383,0.9816948908201244,1.0078672089247522,/home/molly/workspace-memory-attn/memory-attention/profile/results/optimization/offload-gap-001/supplemental-01/A0020/confirmation-parent/manifest.json
A0020,parent,A0016,prefill,16,2048,measured,0.822797750441004,1.0,False,False,False,True,2510.5,-0.0168358131001393,-0.5632062643049258,0.5295346381046473,0.7152169994596042,-1.4398199932116404,2.870253992130849,-0.7320528125597434,-3.366650915550428,1.902545290430941,0.999960550579058,0.9986732475003386,1.0012478536577774,/home/molly/workspace-memory-attn/memory-attention/profile/results/optimization/offload-gap-001/supplemental-01/A0020/confirmation-parent/manifest.json
