attempt,baseline,mode,batch,length,screen_promising,offload_reduction_ms,gap_reduction_ms,source,baseline_offload_ms,baseline_gpu_ms,candidate_offload_ms,candidate_gpu_ms,offload_reduction_percent
A0002,A0001,decode,4,2048,True,0.06972756236791611,0.07149484008550644,/home/molly/workspace-memory-attn/memory-attention/profile/results/optimization/offload-gap-001/supplemental-01/A0002/screen/manifest.json,7.3654369451105595,7.216646522283554,7.295709382742643,7.218413800001144,0.9466860267428364
A0002,A0001,decode,8,512,True,0.08342145010828972,0.07872050628066063,/home/molly/workspace-memory-attn/memory-attention/profile/results/optimization/offload-gap-001/supplemental-01/A0002/screen/manifest.json,5.766914878040552,5.600863415747881,5.683493427932262,5.596162471920252,1.4465524786215356
A0002,A0001,decode,8,4096,True,0.049304962158203125,0.05111405625939369,/home/molly/workspace-memory-attn/memory-attention/profile/results/optimization/offload-gap-001/supplemental-01/A0002/screen/manifest.json,19.034506287425756,18.93271217122674,18.985201325267553,18.93452126532793,0.2590293723077762
A0002,A0001,decode,8,8192,False,0.012798327952623367,-0.0006670132279396057,/home/molly/workspace-memory-attn/memory-attention/profile/results/optimization/offload-gap-001/supplemental-01/A0002/screen/manifest.json,34.649031329900026,34.613716416060925,34.6362330019474,34.60025107488036,0.03693704401363504
A0002,A0001,generation,1,2048,True,57.95607085650158,56.141742070515875,/home/molly/workspace-memory-attn/memory-attention/profile/results/optimization/offload-gap-001/supplemental-01/A0002/screen/manifest.json,667.0950496258835,596.9165302813053,609.1389787693819,595.1022014953196,8.68782805223996
A0002,A0001,generation,8,2048,True,7.725703343749046,8.120033517479897,/home/molly/workspace-memory-attn/memory-attention/profile/results/optimization/offload-gap-001/supplemental-01/A0002/screen/manifest.json,1377.0490843181808,1348.697646893561,1369.3233809744318,1349.0919770672917,0.5610332581263273
A0003,A0001,decode,8,8192,False,-0.10850699618458748,-0.10736910626292229,/home/molly/workspace-memory-attn/memory-attention/profile/results/optimization/offload-gap-001/supplemental-01/A0003/screen/manifest.json,34.76889869198203,34.626627527177334,34.87740568816662,34.627765417099,-0.31208062454279006
A0003,A0001,generation,1,2048,True,32.21128492926562,32.6827488218745,/home/molly/workspace-memory-attn/memory-attention/profile/results/optimization/offload-gap-001/supplemental-01/A0003/screen/manifest.json,655.5116104893386,588.0124380812049,623.300325560073,588.4839019738138,4.9139152402228135
A0003,A0001,generation,8,2048,False,0.13686766227101543,-0.1411522428193166,/home/molly/workspace-memory-attn/memory-attention/profile/results/optimization/offload-gap-001/supplemental-01/A0003/screen/manifest.json,1376.3512421088915,1350.3181671723723,1376.2143744466205,1350.040147267282,0.009944239383349719
A0003,A0001,prefill,4,2048,False,-2.8663300909101963,-3.0804965645074844,/home/molly/workspace-memory-attn/memory-attention/profile/results/optimization/offload-gap-001/supplemental-01/A0003/screen/manifest.json,108.75747315585613,105.95705956220627,111.62380324676633,105.74289308860898,-2.6355247209564805
A0003,A0001,prefill,8,512,False,-1.4235316775739193,-1.4637073501944542,/home/molly/workspace-memory-attn/memory-attention/profile/results/optimization/offload-gap-001/supplemental-01/A0003/screen/manifest.json,55.448301043361425,52.11840560659766,56.871832720935345,52.07822993397713,-2.5673134267192346
A0003,A0001,prefill,8,4096,False,-9.41245649009943,-10.525864269584417,/home/molly/workspace-memory-attn/memory-attention/profile/results/optimization/offload-gap-001/supplemental-01/A0003/screen/manifest.json,447.7999633178115,443.6387661844492,457.2124198079109,442.5253584049642,-2.101933287435141
A0003,A0001,prefill,8,8192,False,-18.828437477350235,-18.802548572421074,/home/molly/workspace-memory-attn/memory-attention/profile/results/optimization/offload-gap-001/supplemental-01/A0003/screen/manifest.json,997.0716621726751,990.6654122285545,1015.9000996500254,990.6913011334836,-1.8883735434143232
A0003,A0001,prefill,16,2048,False,-9.967990405857563,-10.314133297652006,"[""/home/molly/workspace-memory-attn/memory-attention/profile/results/optimization/offload-gap-001/A0001/R01/J09-prefill-ma_offload-b16-l2048.json"", ""/home/molly/workspace-memory-attn/memory-attention/profile/results/optimization/offload-gap-001/A0001/R01/J10-prefill-ma_gpu-b16-l2048.json"", ""/home/molly/workspace-memory-attn/memory-attention/profile/results/optimization/offload-gap-001/A0003/R01/J09-prefill-ma_offload-b16-l2048.json"", ""/home/molly/workspace-memory-attn/memory-attention/profile/results/optimization/offload-gap-001/A0003/R01/J10-prefill-ma_gpu-b16-l2048.json""]",,,,,
A0004,A0001,decode,8,8192,False,-0.011545326560735703,-0.006804522126913071,/home/molly/workspace-memory-attn/memory-attention/profile/results/optimization/offload-gap-001/supplemental-01/A0004/screen/manifest.json,34.711524937301874,34.61945476010442,34.72307026386261,34.62419556453824,-0.03326078753840286
A0004,A0001,generation,1,2048,False,-11.598926596343517,-9.186841516445043,/home/molly/workspace-memory-attn/memory-attention/profile/results/optimization/offload-gap-001/supplemental-01/A0004/screen/manifest.json,637.9537792876363,588.9452882731954,649.5527058839798,591.3573733530939,-1.8181452909167377
A0004,A0001,generation,8,2048,False,-0.15941886231303215,-0.5166377561788522,/home/molly/workspace-memory-attn/memory-attention/profile/results/optimization/offload-gap-001/supplemental-01/A0004/screen/manifest.json,1374.5441418141127,1350.351121649146,1374.7035606764257,1349.9939027552803,-0.011597944181161937
A0004,A0001,prefill,4,2048,True,1.9107019528746605,1.8272065557539463,/home/molly/workspace-memory-attn/memory-attention/profile/results/optimization/offload-gap-001/supplemental-01/A0004/screen/manifest.json,109.26889022812247,105.90019067749381,107.35818827524781,105.8166952803731,1.748623921123072
A0004,A0001,prefill,8,512,True,2.501322515308857,2.435969188809395,/home/molly/workspace-memory-attn/memory-attention/profile/results/optimization/offload-gap-001/supplemental-01/A0004/screen/manifest.json,55.10222325101495,52.101500146090984,52.60090073570609,52.03614681959152,4.539422128058661
A0004,A0001,prefill,8,4096,True,0.7798375561833382,0.9088197723031044,/home/molly/workspace-memory-attn/memory-attention/profile/results/optimization/offload-gap-001/supplemental-01/A0004/screen/manifest.json,447.6939902640879,443.39393582195044,446.9141527079046,443.5229180380702,0.17418986476082107
A0004,A0001,prefill,8,8192,True,1.077170018106699,1.8557778559625149,/home/molly/workspace-memory-attn/memory-attention/profile/results/optimization/offload-gap-001/supplemental-01/A0004/screen/manifest.json,997.1223992295563,990.9148266538978,996.0452292114496,991.6934344917536,0.10802786287210003
A0004,A0001,prefill,16,2048,False,-0.5217710509896278,-0.00850306823849678,"[""/home/molly/workspace-memory-attn/memory-attention/profile/results/optimization/offload-gap-001/A0001/R01/J09-prefill-ma_offload-b16-l2048.json"", ""/home/molly/workspace-memory-attn/memory-attention/profile/results/optimization/offload-gap-001/A0001/R01/J10-prefill-ma_gpu-b16-l2048.json"", ""/home/molly/workspace-memory-attn/memory-attention/profile/results/optimization/offload-gap-001/A0004/R01/J09-prefill-ma_offload-b16-l2048.json"", ""/home/molly/workspace-memory-attn/memory-attention/profile/results/optimization/offload-gap-001/A0004/R01/J10-prefill-ma_gpu-b16-l2048.json""]",,,,,
A0005,A0001,decode,4,2048,True,0.019637588411569595,0.021875742822885513,/home/molly/workspace-memory-attn/memory-attention/profile/results/optimization/offload-gap-001/supplemental-01/A0005/screen/manifest.json,7.352681644260883,7.220499869436026,7.333044055849314,7.2227380238473415,0.2670806293768705
A0005,A0001,decode,8,512,False,0.000332854688167572,-0.00578463077545166,/home/molly/workspace-memory-attn/memory-attention/profile/results/optimization/offload-gap-001/supplemental-01/A0005/screen/manifest.json,5.679449904710054,5.60638178139925,5.679117050021887,5.600264295935631,0.00586068534369025
A0005,A0001,decode,8,4096,False,-0.009670201689004898,0.0005411915481090546,/home/molly/workspace-memory-attn/memory-attention/profile/results/optimization/offload-gap-001/supplemental-01/A0005/screen/manifest.json,19.025553576648235,18.928141612559557,19.03522377833724,18.93835300579667,-0.050827439265020924
A0005,A0001,decode,8,8192,True,0.03955056890845299,0.02191346138715744,/home/molly/workspace-memory-attn/memory-attention/profile/results/optimization/offload-gap-001/supplemental-01/A0005/screen/manifest.json,34.70738222822547,34.60450544953346,34.66783165931702,34.58686834201217,0.11395434161061228
A0005,A0001,generation,1,2048,True,6.693784985691309,13.174040553470377,/home/molly/workspace-memory-attn/memory-attention/profile/results/optimization/offload-gap-001/supplemental-01/A0005/screen/manifest.json,650.9069918654859,591.7930141401788,644.2132068797946,598.2732697079579,1.0283781046055536
A0005,A0001,generation,8,2048,True,2.1074203774333,2.224560733884573,/home/molly/workspace-memory-attn/memory-attention/profile/results/optimization/offload-gap-001/supplemental-01/A0005/screen/manifest.json,1373.2989840209484,1348.9856635220349,1371.191563643515,1349.1028038784862,0.1534567783093294
A0006,A0001,decode,8,8192,False,-0.04269452765583992,-0.043712276965379715,/home/molly/workspace-memory-attn/memory-attention/profile/results/optimization/offload-gap-001/supplemental-01/A0006/screen/manifest.json,34.71485758200288,34.6137085929513,34.75755210965872,34.61269084364176,-0.12298632524989507
A0006,A0001,generation,1,2048,True,15.831463783979416,19.058320981760744,/home/molly/workspace-memory-attn/memory-attention/profile/results/optimization/offload-gap-001/supplemental-01/A0006/screen/manifest.json,655.3798425011337,593.1397479337951,639.5483787171543,596.3666051315764,2.4156165260685496
A0006,A0001,generation,8,2048,False,-0.1854551024734974,-0.4735619450609647,/home/molly/workspace-memory-attn/memory-attention/profile/results/optimization/offload-gap-001/supplemental-01/A0006/screen/manifest.json,1372.4396545750399,1350.2479869872332,1372.6251096775134,1349.9598801446457,-0.013512805598066271
A0006,A0001,prefill,4,2048,True,0.46009281650185585,0.32165395095944405,/home/molly/workspace-memory-attn/memory-attention/profile/results/optimization/offload-gap-001/supplemental-01/A0006/screen/manifest.json,110.27814280241728,105.94799015671015,109.81804998591542,105.80955129116774,0.41721124858458414
A0006,A0001,prefill,8,512,False,-0.3300154581665993,-0.4540695808827877,/home/molly/workspace-memory-attn/memory-attention/profile/results/optimization/offload-gap-001/supplemental-01/A0006/screen/manifest.json,55.61360605061054,52.105800714343786,55.94362150877714,51.9817465916276,-0.5934077676356256
A0006,A0001,prefill,8,4096,False,0.6600243039429188,-1.3515396043658257,/home/molly/workspace-memory-attn/memory-attention/profile/results/optimization/offload-gap-001/supplemental-01/A0006/screen/manifest.json,447.5136782974005,444.6946029551327,446.85365399345756,442.683039046824,0.14748695647785137
A0006,A0001,prefill,8,8192,False,-0.37537897005677223,-0.717785581946373,/home/molly/workspace-memory-attn/memory-attention/profile/results/optimization/offload-gap-001/supplemental-01/A0006/screen/manifest.json,996.865160856396,990.5166507698596,997.2405398264527,990.17424415797,-0.037655942327675315
A0006,A0001,prefill,16,2048,False,-0.6658187136054039,-0.5611974745988846,"[""/home/molly/workspace-memory-attn/memory-attention/profile/results/optimization/offload-gap-001/A0001/R01/J09-prefill-ma_offload-b16-l2048.json"", ""/home/molly/workspace-memory-attn/memory-attention/profile/results/optimization/offload-gap-001/A0001/R01/J10-prefill-ma_gpu-b16-l2048.json"", ""/home/molly/workspace-memory-attn/memory-attention/profile/results/optimization/offload-gap-001/A0006/R01/J09-prefill-ma_offload-b16-l2048.json"", ""/home/molly/workspace-memory-attn/memory-attention/profile/results/optimization/offload-gap-001/A0006/R01/J10-prefill-ma_gpu-b16-l2048.json""]",,,,,
A0007,A0001,decode,8,8192,True,0.0381038524210453,0.06774421781301498,/home/molly/workspace-memory-attn/memory-attention/profile/results/optimization/offload-gap-001/supplemental-01/A0007/screen/manifest.json,34.73226260393858,34.6266251988709,34.694158751517534,34.65626556426287,0.10970737166061963
A0007,A0001,generation,1,2048,False,-14.612481463700533,-7.5160386972129345,/home/molly/workspace-memory-attn/memory-attention/profile/results/optimization/offload-gap-001/supplemental-01/A0007/screen/manifest.json,639.2810109692315,589.0615899426242,653.893492432932,596.1580327091118,-2.285768107134318
A0007,A0001,generation,8,2048,False,-0.8581452071666718,-1.249546899149891,/home/molly/workspace-memory-attn/memory-attention/profile/results/optimization/offload-gap-001/supplemental-01/A0007/screen/manifest.json,1374.2789679206908,1350.4845379541318,1375.1371131278574,1350.0931362621486,-0.06244330497650424
A0007,A0001,prefill,4,2048,True,0.4937439225614071,0.4191884770989418,/home/molly/workspace-memory-attn/memory-attention/profile/results/optimization/offload-gap-001/supplemental-01/A0007/screen/manifest.json,109.94298346340656,106.0460401698947,109.44923954084516,105.97148472443223,0.44909088966622857
A0007,A0001,prefill,8,512,False,-0.002442300319671631,0.021831970661878586,/home/molly/workspace-memory-attn/memory-attention/profile/results/optimization/offload-gap-001/supplemental-01/A0007/screen/manifest.json,55.31267188489437,52.084195613861084,55.31511418521404,52.108469884842634,-0.004415444483958497
A0007,A0001,prefill,8,4096,True,3.077960293740034,2.6785284280776978,/home/molly/workspace-memory-attn/memory-attention/profile/results/optimization/offload-gap-001/supplemental-01/A0007/screen/manifest.json,447.93963972479105,442.5804628059268,444.861679431051,442.18103094026446,0.6871372883255202
A0007,A0001,prefill,8,8192,False,-0.6113706156611443,-1.5771640464663506,/home/molly/workspace-memory-attn/memory-attention/profile/results/optimization/offload-gap-001/supplemental-01/A0007/screen/manifest.json,996.7847717925906,991.8493367731571,997.3961424082518,990.8835433423519,-0.06133426522574898
A0007,A0001,prefill,16,2048,False,-1.3154971413314342,-1.066588331013918,"[""/home/molly/workspace-memory-attn/memory-attention/profile/results/optimization/offload-gap-001/A0001/R01/J09-prefill-ma_offload-b16-l2048.json"", ""/home/molly/workspace-memory-attn/memory-attention/profile/results/optimization/offload-gap-001/A0001/R01/J10-prefill-ma_gpu-b16-l2048.json"", ""/home/molly/workspace-memory-attn/memory-attention/profile/results/optimization/offload-gap-001/A0007/R01/J09-prefill-ma_offload-b16-l2048.json"", ""/home/molly/workspace-memory-attn/memory-attention/profile/results/optimization/offload-gap-001/A0007/R01/J10-prefill-ma_gpu-b16-l2048.json""]",,,,,
A0008,A0001,decode,8,8192,False,-0.005462393164634705,0.0713706947863102,/home/molly/workspace-memory-attn/memory-attention/profile/results/optimization/offload-gap-001/supplemental-01/A0008/screen/manifest.json,34.746780898422,34.59360748529434,34.75224329158664,34.67044057324529,-0.01572057331182232
A0008,A0001,generation,1,2048,True,17.718783424546245,26.947518313924434,/home/molly/workspace-memory-attn/memory-attention/profile/results/optimization/offload-gap-001/supplemental-01/A0008/screen/manifest.json,641.3856221052507,587.2656977425019,623.6668386807045,596.49443263188,2.762578831497194
A0008,A0001,generation,8,2048,False,-4.093336624403946,-4.1547066221635305,/home/molly/workspace-memory-attn/memory-attention/profile/results/optimization/offload-gap-001/supplemental-01/A0008/screen/manifest.json,1371.9395809186,1350.1748131898541,1376.032917543004,1350.1134431920946,-0.2983612894718876
A0008,A0001,prefill,4,2048,True,0.3834720700979233,0.29057636857032776,/home/molly/workspace-memory-attn/memory-attention/profile/results/optimization/offload-gap-001/supplemental-01/A0008/screen/manifest.json,109.40171265974641,105.81597127020359,109.01824058964849,105.723075568676,0.3505174286353006
A0008,A0001,prefill,8,512,True,1.8061278387904167,1.7769110389053822,/home/molly/workspace-memory-attn/memory-attention/profile/results/optimization/offload-gap-001/supplemental-01/A0008/screen/manifest.json,54.900205228477716,52.09940318018198,53.0940773896873,52.070186380296946,3.2898380457301934
A0008,A0001,prefill,8,4096,False,-8.04909998551011,-7.940254732966423,/home/molly/workspace-memory-attn/memory-attention/profile/results/optimization/offload-gap-001/supplemental-01/A0008/screen/manifest.json,447.61428935453296,442.7762348204851,455.66338934004307,442.8850800730288,-1.7982223036527818
A0008,A0001,prefill,8,8192,False,-18.916628509759903,-18.77686306834221,/home/molly/workspace-memory-attn/memory-attention/profile/results/optimization/offload-gap-001/supplemental-01/A0008/screen/manifest.json,997.8611330501735,990.8207575790584,1016.7777615599334,990.9605230204761,-1.8957175385654343
A0008,A0001,prefill,16,2048,False,-11.16122743114829,-11.015844997018576,"[""/home/molly/workspace-memory-attn/memory-attention/profile/results/optimization/offload-gap-001/A0001/R01/J09-prefill-ma_offload-b16-l2048.json"", ""/home/molly/workspace-memory-attn/memory-attention/profile/results/optimization/offload-gap-001/A0001/R01/J10-prefill-ma_gpu-b16-l2048.json"", ""/home/molly/workspace-memory-attn/memory-attention/profile/results/optimization/offload-gap-001/A0008/R01/J09-prefill-ma_offload-b16-l2048.json"", ""/home/molly/workspace-memory-attn/memory-attention/profile/results/optimization/offload-gap-001/A0008/R01/J10-prefill-ma_gpu-b16-l2048.json""]",,,,,
A0009,A0001,decode,8,8192,False,-0.011179782450199127,-0.017381366342306137,/home/molly/workspace-memory-attn/memory-attention/profile/results/optimization/offload-gap-001/supplemental-01/A0009/screen/manifest.json,34.69460681080818,34.65861678123474,34.70578659325838,34.652415197342634,-0.03222340149627049
A0009,A0001,generation,8,2048,False,-3.2660194362201764,-3.9177315620083846,/home/molly/workspace-memory-attn/memory-attention/profile/results/optimization/offload-gap-001/supplemental-01/A0009/screen/manifest.json,1372.0095158244173,1350.4808766456943,1375.2755352606375,1349.829164519906,-0.23804641283830166
A0009,A0001,prefill,4,2048,False,-2.331660594791174,-2.498082537204027,/home/molly/workspace-memory-attn/memory-attention/profile/results/optimization/offload-gap-001/supplemental-01/A0009/screen/manifest.json,109.44864153862,105.93009609729052,111.78030213341117,105.76367415487766,-2.1303696071626668
A0009,A0001,prefill,8,4096,False,-1.7626415938138962,-2.4767855182290077,/home/molly/workspace-memory-attn/memory-attention/profile/results/optimization/offload-gap-001/supplemental-01/A0009/screen/manifest.json,445.08459055796266,442.7895803935826,446.84723215177655,442.07543646916747,-0.3960239539194629
A0009,A0001,prefill,8,8192,False,0.9048500098288059,-0.3898773342370987,/home/molly/workspace-memory-attn/memory-attention/profile/results/optimization/offload-gap-001/supplemental-01/A0009/screen/manifest.json,996.5915456414223,993.4018908068538,995.6866956315935,992.1071634627879,0.09079446978916823
A0009,A0001,prefill,16,2048,False,-2.027061488479376,-1.7205841839313507,"[""/home/molly/workspace-memory-attn/memory-attention/profile/results/optimization/offload-gap-001/A0001/R01/J09-prefill-ma_offload-b16-l2048.json"", ""/home/molly/workspace-memory-attn/memory-attention/profile/results/optimization/offload-gap-001/A0001/R01/J10-prefill-ma_gpu-b16-l2048.json"", ""/home/molly/workspace-memory-attn/memory-attention/profile/results/optimization/offload-gap-001/A0009/R01/J09-prefill-ma_offload-b16-l2048.json"", ""/home/molly/workspace-memory-attn/memory-attention/profile/results/optimization/offload-gap-001/A0009/R01/J10-prefill-ma_gpu-b16-l2048.json""]",,,,,
A0010,A0001,decode,8,8192,True,0.012312456965446472,0.05258992314338684,/home/molly/workspace-memory-attn/memory-attention/profile/results/optimization/offload-gap-001/supplemental-01/A0010/screen/manifest.json,34.72428685054183,34.62193114683032,34.711974393576384,34.66220861300826,0.035457767695679404
A0010,A0001,generation,1,2048,True,0.5964801646769047,9.893362441410659,/home/molly/workspace-memory-attn/memory-attention/profile/results/optimization/offload-gap-001/supplemental-01/A0010/screen/manifest.json,638.5641562752426,580.4614716830353,637.9676761105657,589.758353959769,0.09340959069111948
A0010,A0001,generation,8,2048,False,-2.010104681054827,-2.1930321119725704,/home/molly/workspace-memory-attn/memory-attention/profile/results/optimization/offload-gap-001/supplemental-01/A0010/screen/manifest.json,1372.1158386208117,1350.3625356592238,1374.1259433018665,1350.179608228306,-0.1464967187519162
A0010,A0001,prefill,4,2048,True,0.8338386192917824,0.6117531098425388,/home/molly/workspace-memory-attn/memory-attention/profile/results/optimization/offload-gap-001/supplemental-01/A0010/screen/manifest.json,109.70417140051723,105.97264971584082,108.87033278122544,105.75056420639157,0.7600792282068602
A0010,A0001,prefill,8,512,False,-1.1712257750332355,-1.1351050809025764,/home/molly/workspace-memory-attn/memory-attention/profile/results/optimization/offload-gap-001/supplemental-01/A0010/screen/manifest.json,54.97489348053932,52.00465703383088,56.14611925557256,52.04077772796154,-2.1304739325194695
A0010,A0001,prefill,8,4096,False,0.9920287877321243,-0.0400821678340435,/home/molly/workspace-memory-attn/memory-attention/profile/results/optimization/offload-gap-001/supplemental-01/A0010/screen/manifest.json,447.8808225132525,443.6498890630901,446.8887937255204,442.6177781075239,0.22149391933448342
A0010,A0001,prefill,8,8192,False,1.4980904757976532,-0.13586562126874924,/home/molly/workspace-memory-attn/memory-attention/profile/results/optimization/offload-gap-001/supplemental-01/A0010/screen/manifest.json,998.300917353481,991.7408824898303,996.8028268776834,990.1069263927639,0.15006401874989014
A0010,A0001,prefill,16,2048,False,-1.3085237704217434,-1.0040550492703915,"[""/home/molly/workspace-memory-attn/memory-attention/profile/results/optimization/offload-gap-001/A0001/R01/J09-prefill-ma_offload-b16-l2048.json"", ""/home/molly/workspace-memory-attn/memory-attention/profile/results/optimization/offload-gap-001/A0001/R01/J10-prefill-ma_gpu-b16-l2048.json"", ""/home/molly/workspace-memory-attn/memory-attention/profile/results/optimization/offload-gap-001/A0010/R01/J09-prefill-ma_offload-b16-l2048.json"", ""/home/molly/workspace-memory-attn/memory-attention/profile/results/optimization/offload-gap-001/A0010/R01/J10-prefill-ma_gpu-b16-l2048.json""]",,,,,
A0011,A0001,decode,8,8192,True,0.8017371408641338,0.8188918232917786,/home/molly/workspace-memory-attn/memory-attention/profile/results/optimization/offload-gap-001/supplemental-01/A0011/screen/manifest.json,35.535667557269335,34.624973963946104,34.7339304164052,34.64212864637375,2.256147684779111
A0011,A0001,generation,1,2048,False,-5.166852225859884,3.6234114319086075,/home/molly/workspace-memory-attn/memory-attention/profile/results/optimization/offload-gap-001/supplemental-01/A0011/screen/manifest.json,639.466897615542,588.4491150577863,644.6337498414019,597.2393787155548,-0.8079936968005934
A0011,A0001,generation,8,2048,False,-4.389443496863123,-4.766196571290493,/home/molly/workspace-memory-attn/memory-attention/profile/results/optimization/offload-gap-001/supplemental-01/A0011/screen/manifest.json,1373.2818393968046,1350.2325885308285,1377.6712828936677,1349.855835456401,-0.31963165687759526
A0011,A0001,prefill,4,2048,True,1.642710156738758,1.4041670598089695,/home/molly/workspace-memory-attn/memory-attention/profile/results/optimization/offload-gap-001/supplemental-01/A0011/screen/manifest.json,110.76403828337789,106.05797739699483,109.12132812663913,105.81943430006504,1.4830717462070684
A0011,A0001,prefill,8,512,False,-0.6729281507432461,-0.5419979803264141,/home/molly/workspace-memory-attn/memory-attention/profile/results/optimization/offload-gap-001/supplemental-01/A0011/screen/manifest.json,53.492787946015596,52.002492267638445,54.16571609675884,52.13342243805528,-1.2579792091269548
A0011,A0001,prefill,8,4096,True,0.46347929164767265,1.1906354688107967,/home/molly/workspace-memory-attn/memory-attention/profile/results/optimization/offload-gap-001/supplemental-01/A0011/screen/manifest.json,447.223112359643,442.64291748404503,446.7596330679953,443.37007366120815,0.10363491484200328
A0011,A0001,prefill,8,8192,True,0.6497434340417385,0.5269483663141727,/home/molly/workspace-memory-attn/memory-attention/profile/results/optimization/offload-gap-001/supplemental-01/A0011/screen/manifest.json,997.5871316157281,990.7949965447187,996.9373881816864,990.6722014769912,0.06513149713442981
A0011,A0001,decode,4,2048,True,0.034360773861408234,0.04405910149216652,/home/molly/workspace-memory-attn/memory-attention/profile/results/optimization/offload-gap-001/supplemental-01/A0011/screen-bulk-addendum/manifest.json,7.361327297985554,7.212699018418789,7.3269665241241455,7.222397346049547,0.46677416273572225
A0011,A0001,decode,8,512,False,-0.2711494453251362,-0.27386657893657684,/home/molly/workspace-memory-attn/memory-attention/profile/results/optimization/offload-gap-001/supplemental-01/A0011/screen-bulk-addendum/manifest.json,5.693671386688948,5.602341052144766,5.964820832014084,5.599623918533325,-4.762295308419938
A0011,A0001,decode,8,4096,True,0.032052863389253616,0.03377404063940048,/home/molly/workspace-memory-attn/memory-attention/profile/results/optimization/offload-gap-001/supplemental-01/A0011/screen-bulk-addendum/manifest.json,19.145710300654173,18.933974858373404,19.11365743726492,18.93569603562355,0.16741537861960876
A0011,A0001,prefill,16,2048,False,-1.4775272458791733,-0.922984816133976,"[""/home/molly/workspace-memory-attn/memory-attention/profile/results/optimization/offload-gap-001/A0001/R01/J09-prefill-ma_offload-b16-l2048.json"", ""/home/molly/workspace-memory-attn/memory-attention/profile/results/optimization/offload-gap-001/A0001/R01/J10-prefill-ma_gpu-b16-l2048.json"", ""/home/molly/workspace-memory-attn/memory-attention/profile/results/optimization/offload-gap-001/A0011/R01/J09-prefill-ma_offload-b16-l2048.json"", ""/home/molly/workspace-memory-attn/memory-attention/profile/results/optimization/offload-gap-001/A0011/R01/J10-prefill-ma_gpu-b16-l2048.json""]",,,,,
A0011,A0001,decode,16,2048,True,0.005781929939985275,0.014497898519039154,"[""/home/molly/workspace-memory-attn/memory-attention/profile/results/optimization/offload-gap-001/A0001/R01/J11-decode-ma_offload-b16-l2048.json"", ""/home/molly/workspace-memory-attn/memory-attention/profile/results/optimization/offload-gap-001/A0001/R01/J12-decode-ma_gpu-b16-l2048.json"", ""/home/molly/workspace-memory-attn/memory-attention/profile/results/optimization/offload-gap-001/A0011/R01/J11-decode-ma_offload-b16-l2048.json"", ""/home/molly/workspace-memory-attn/memory-attention/profile/results/optimization/offload-gap-001/A0011/R01/J12-decode-ma_gpu-b16-l2048.json""]",,,,,
A0012,A0001,decode,8,8192,False,-0.05145519971847534,-0.02606092020869255,/home/molly/workspace-memory-attn/memory-attention/profile/results/optimization/offload-gap-001/supplemental-01/A0012/screen/manifest.json,34.71937580034137,34.62013406679034,34.77083100005984,34.645528346300125,-0.14820312442935515
A0012,A0001,generation,1,2048,True,21.86032921696699,31.511991408964036,/home/molly/workspace-memory-attn/memory-attention/profile/results/optimization/offload-gap-001/supplemental-01/A0012/screen/manifest.json,652.1429520100355,582.2619020628432,630.2826227930685,591.9135642548403,3.3520762816785896
A0012,A0001,generation,8,2048,False,-2.8543928948543,-3.1925361913940833,/home/molly/workspace-memory-attn/memory-attention/profile/results/optimization/offload-gap-001/supplemental-01/A0012/screen/manifest.json,1372.322428630044,1350.3286950600643,1375.1768215248983,1349.9905517635245,-0.20799724870078606
A0012,A0001,prefill,4,2048,False,-0.21140296012163162,-0.36846883594989777,/home/molly/workspace-memory-attn/memory-attention/profile/results/optimization/offload-gap-001/supplemental-01/A0012/screen/manifest.json,109.12974057719111,105.91097353026271,109.34114353731275,105.75390765443444,-0.19371709215426866
A0012,A0001,prefill,8,512,False,-0.005170423537492752,-0.094571802765131,/home/molly/workspace-memory-attn/memory-attention/profile/results/optimization/offload-gap-001/supplemental-01/A0012/screen/manifest.json,54.89729065448046,52.15235371142626,54.90246107801795,52.06295233219862,-0.009418358312134237
A0012,A0001,prefill,8,4096,False,-0.506021361798048,-0.3004046157002449,/home/molly/workspace-memory-attn/memory-attention/profile/results/optimization/offload-gap-001/supplemental-01/A0012/screen/manifest.json,447.2885529510677,442.87463119253516,447.79457431286573,443.08024793863297,-0.11313085444719743
A0012,A0001,prefill,8,8192,True,1.431870087981224,1.516404189169407,/home/molly/workspace-memory-attn/memory-attention/profile/results/optimization/offload-gap-001/supplemental-01/A0012/screen/manifest.json,997.8723041713238,991.1251312121749,996.4404340833426,991.2096653133631,0.14349231680202917
A0012,A0001,prefill,16,2048,False,-0.7855694741010666,-0.7125905714929104,"[""/home/molly/workspace-memory-attn/memory-attention/profile/results/optimization/offload-gap-001/A0001/R01/J09-prefill-ma_offload-b16-l2048.json"", ""/home/molly/workspace-memory-attn/memory-attention/profile/results/optimization/offload-gap-001/A0001/R01/J10-prefill-ma_gpu-b16-l2048.json"", ""/home/molly/workspace-memory-attn/memory-attention/profile/results/optimization/offload-gap-001/A0012/R01/J09-prefill-ma_offload-b16-l2048.json"", ""/home/molly/workspace-memory-attn/memory-attention/profile/results/optimization/offload-gap-001/A0012/R01/J10-prefill-ma_gpu-b16-l2048.json""]",,,,,
A0013,A0001,decode,8,512,False,-0.03925366327166557,-0.037390273064374924,/home/molly/workspace-memory-attn/memory-attention/profile/results/optimization/offload-gap-001/supplemental-01/A0013/screen/manifest.json,5.719575472176075,5.6078242138028145,5.7588291354477406,5.609687604010105,-0.6863037905981348
A0013,A0001,decode,8,4096,False,-0.045143719762563705,-0.06242617964744568,/home/molly/workspace-memory-attn/memory-attention/profile/results/optimization/offload-gap-001/supplemental-01/A0013/screen/manifest.json,18.99804649874568,18.937788996845484,19.043190218508244,18.920506536960602,-0.2376229564736788
A0013,A0001,decode,8,8192,False,-0.06017470732331276,-0.0018174760043621063,/home/molly/workspace-memory-attn/memory-attention/profile/results/optimization/offload-gap-001/supplemental-01/A0013/screen/manifest.json,34.66641632840037,34.585632756352425,34.726591035723686,34.643989987671375,-0.17358213999759411
A0013,A0001,generation,8,2048,True,31.59783215572429,32.084463008989815,/home/molly/workspace-memory-attn/memory-attention/profile/results/optimization/offload-gap-001/supplemental-01/A0013/screen/manifest.json,1376.3521255925298,1348.594208713621,1344.7542934368055,1349.0808395668864,2.2957665824159053
A0013,A0001,decode,16,2048,True,0.01970771700143814,0.011284369975328445,"[""/home/molly/workspace-memory-attn/memory-attention/profile/results/optimization/offload-gap-001/A0001/R01/J11-decode-ma_offload-b16-l2048.json"", ""/home/molly/workspace-memory-attn/memory-attention/profile/results/optimization/offload-gap-001/A0001/R01/J12-decode-ma_gpu-b16-l2048.json"", ""/home/molly/workspace-memory-attn/memory-attention/profile/results/optimization/offload-gap-001/A0013/R01/J11-decode-ma_offload-b16-l2048.json"", ""/home/molly/workspace-memory-attn/memory-attention/profile/results/optimization/offload-gap-001/A0013/R01/J12-decode-ma_gpu-b16-l2048.json""]",,,,,
A0014,A0001,decode,8,8192,False,-0.005817227065563202,0.020293425768613815,/home/molly/workspace-memory-attn/memory-attention/profile/results/optimization/offload-gap-001/supplemental-01/A0014/screen/manifest.json,34.73070813342929,34.621673077344894,34.73652536049485,34.64778373017907,-0.01674952046245195
A0014,A0001,generation,1,2048,False,-18.83302303031087,-22.17384499187267,/home/molly/workspace-memory-attn/memory-attention/profile/results/optimization/offload-gap-001/supplemental-01/A0014/screen/manifest.json,638.2405692711473,592.744919937104,657.0735923014581,589.4040979755422,-2.9507718463929127
A0014,A0001,generation,8,2048,False,-0.5407416572172679,-1.0161112683513238,/home/molly/workspace-memory-attn/memory-attention/profile/results/optimization/offload-gap-001/supplemental-01/A0014/screen/manifest.json,1374.433102613936,1350.259307709833,1374.9738442711532,1349.7839380986989,-0.039342886619135556
A0014,A0001,prefill,4,2048,True,2.4287096224725246,2.239376772195101,/home/molly/workspace-memory-attn/memory-attention/profile/results/optimization/offload-gap-001/supplemental-01/A0014/screen/manifest.json,108.77763573080301,105.95018463209271,106.34892610833049,105.76085178181529,2.2327288198127078
A0014,A0001,prefill,8,512,True,2.0122235640883446,2.0680014975368977,/home/molly/workspace-memory-attn/memory-attention/profile/results/optimization/offload-gap-001/supplemental-01/A0014/screen/manifest.json,54.35813385993242,51.987692806869745,52.34591029584408,52.0434707403183,3.701789265380874
A0014,A0001,prefill,8,4096,True,2.323094103485346,1.6962452791631222,/home/molly/workspace-memory-attn/memory-attention/profile/results/optimization/offload-gap-001/supplemental-01/A0014/screen/manifest.json,447.17958848923445,443.63406524062157,444.8564943857491,443.00721641629934,0.5194991370992044
A0014,A0001,prefill,8,8192,True,3.092384710907936,2.7106372639536858,/home/molly/workspace-memory-attn/memory-attention/profile/results/optimization/offload-gap-001/supplemental-01/A0014/screen/manifest.json,997.1309759654105,990.4423609375954,994.0385912545025,990.0606134906411,0.3101282364549878
A0014,A0001,prefill,16,2048,True,0.42462218552827835,1.0926713235676289,"[""/home/molly/workspace-memory-attn/memory-attention/profile/results/optimization/offload-gap-001/A0001/R01/J09-prefill-ma_offload-b16-l2048.json"", ""/home/molly/workspace-memory-attn/memory-attention/profile/results/optimization/offload-gap-001/A0001/R01/J10-prefill-ma_gpu-b16-l2048.json"", ""/home/molly/workspace-memory-attn/memory-attention/profile/results/optimization/offload-gap-001/A0014/R01/J09-prefill-ma_offload-b16-l2048.json"", ""/home/molly/workspace-memory-attn/memory-attention/profile/results/optimization/offload-gap-001/A0014/R01/J10-prefill-ma_gpu-b16-l2048.json""]",,,,,
A0015,A0001,decode,8,8192,False,-0.0795719213783741,-0.11024521663784981,/home/molly/workspace-memory-attn/memory-attention/profile/results/optimization/offload-gap-001/supplemental-01/A0015/screen/manifest.json,34.670099802315235,34.67458551749587,34.74967172369361,34.643912222236395,-0.22951165941858745
A0015,A0001,generation,8,2048,True,2.5434229833383597,2.2072187003989256,/home/molly/workspace-memory-attn/memory-attention/profile/results/optimization/offload-gap-001/supplemental-01/A0015/screen/manifest.json,1374.3113045891125,1350.3171967963378,1371.7678816057742,1349.9809925133984,0.18506891232323702
A0015,A0001,prefill,4,2048,True,0.3087247721850872,0.22745728492736816,/home/molly/workspace-memory-attn/memory-attention/profile/results/optimization/offload-gap-001/supplemental-01/A0015/screen/manifest.json,108.81654424592853,105.77775556594133,108.50781947374344,105.69648807868361,0.2837112447601353
A0015,A0001,prefill,8,4096,True,2.694847993552685,2.7217747643589973,/home/molly/workspace-memory-attn/memory-attention/profile/results/optimization/offload-gap-001/supplemental-01/A0015/screen/manifest.json,445.6569269299507,442.0275144279003,442.96207893639803,442.0544411987066,0.6046911493370026
A0015,A0001,prefill,8,8192,True,7.415603846311569,6.1941697262227535,/home/molly/workspace-memory-attn/memory-attention/profile/results/optimization/offload-gap-001/supplemental-01/A0015/screen/manifest.json,996.7013287357986,992.5008337944746,989.285724889487,991.2793996743858,0.7440146443586478
A0015,A0001,prefill,16,2048,True,2.0737159065902233,2.1450072526931763,"[""/home/molly/workspace-memory-attn/memory-attention/profile/results/optimization/offload-gap-001/A0001/R01/J09-prefill-ma_offload-b16-l2048.json"", ""/home/molly/workspace-memory-attn/memory-attention/profile/results/optimization/offload-gap-001/A0001/R01/J10-prefill-ma_gpu-b16-l2048.json"", ""/home/molly/workspace-memory-attn/memory-attention/profile/results/optimization/offload-gap-001/A0015/R01/J09-prefill-ma_offload-b16-l2048.json"", ""/home/molly/workspace-memory-attn/memory-attention/profile/results/optimization/offload-gap-001/A0015/R01/J10-prefill-ma_gpu-b16-l2048.json""]",,,,,
A0017,A0016,decode,8,8192,True,0.10497849434614182,0.08453615009784698,/home/molly/workspace-memory-attn/memory-attention/profile/results/optimization/offload-gap-001/supplemental-01/A0017/screen/manifest.json,34.81854749843478,34.658440947532654,34.71356900408864,34.63799860328436,0.3015016475080156
A0017,A0016,generation,8,2048,True,1.4257694284121953,1.1451494259140418,/home/molly/workspace-memory-attn/memory-attention/profile/results/optimization/offload-gap-001/supplemental-01/A0017/screen/manifest.json,1374.2535510721307,1350.2121965711315,1372.8277816437185,1349.9315765686333,0.10374864429492464
A0017,A0016,prefill,4,2048,True,3.275322075933218,3.278213180601597,/home/molly/workspace-memory-attn/memory-attention/profile/results/optimization/offload-gap-001/supplemental-01/A0017/screen/manifest.json,109.98838311061263,105.70346489548683,106.71306103467941,105.70635600015521,2.9778800117820685
A0017,A0016,prefill,8,4096,True,1.436503790318966,1.4331520535051823,/home/molly/workspace-memory-attn/memory-attention/profile/results/optimization/offload-gap-001/supplemental-01/A0017/screen/manifest.json,445.3072556294501,442.18659680336714,443.8707518391311,442.18324506655335,0.32258710635389065
A0017,A0016,prefill,8,8192,True,1.917539443820715,0.5719468928873539,/home/molly/workspace-memory-attn/memory-attention/profile/results/optimization/offload-gap-001/supplemental-01/A0017/screen/manifest.json,995.507072750479,993.4745556674898,993.5895333066583,992.1289631165564,0.19261936919471195
A0017,A0016,prefill,16,2048,True,2.0037923008203506,2.042000461369753,"[""/home/molly/workspace-memory-attn/memory-attention/profile/results/optimization/offload-gap-001/A0016/R01/J09-prefill-ma_offload-b16-l2048.json"", ""/home/molly/workspace-memory-attn/memory-attention/profile/results/optimization/offload-gap-001/A0016/R01/J10-prefill-ma_gpu-b16-l2048.json"", ""/home/molly/workspace-memory-attn/memory-attention/profile/results/optimization/offload-gap-001/A0017/R01/J09-prefill-ma_offload-b16-l2048.json"", ""/home/molly/workspace-memory-attn/memory-attention/profile/results/optimization/offload-gap-001/A0017/R01/J10-prefill-ma_gpu-b16-l2048.json""]",,,,,
A0018,A0016,decode,8,8192,True,0.006693694740533829,0.024872180074453354,/home/molly/workspace-memory-attn/memory-attention/profile/results/optimization/offload-gap-001/supplemental-01/A0018/screen/manifest.json,34.72194541245699,34.62085593491793,34.715251717716455,34.639034420251846,0.019277994539247133
A0018,A0016,generation,1,2048,True,17.391055605063798,25.14741203437245,/home/molly/workspace-memory-attn/memory-attention/profile/results/optimization/offload-gap-001/supplemental-01/A0018/screen/manifest.json,650.094229541719,583.8994634958605,632.7031739366552,591.6558199251691,2.675159202278037
A0018,A0016,generation,8,2048,True,0.22026139001059164,0.09319509069132437,/home/molly/workspace-memory-attn/memory-attention/profile/results/optimization/offload-gap-001/supplemental-01/A0018/screen/manifest.json,1373.9128977060318,1350.1104379383225,1373.6926363160212,1349.9833716390033,0.016031685151100438
A0018,A0016,prefill,4,2048,True,0.5843013525009155,0.7453913800418377,/home/molly/workspace-memory-attn/memory-attention/profile/results/optimization/offload-gap-001/supplemental-01/A0018/screen/manifest.json,110.48233564943075,105.78484134748578,109.89803429692984,105.9459313750267,0.528864047873635
A0018,A0016,prefill,8,512,False,-0.41030654683709145,-0.41379909962415695,/home/molly/workspace-memory-attn/memory-attention/profile/results/optimization/offload-gap-001/supplemental-01/A0018/screen/manifest.json,53.864652663469315,51.99754107743502,54.274959210306406,51.99404852464795,-0.7617361786412463
A0018,A0016,prefill,8,4096,False,-1.1154565960168839,1.8706542439758778,/home/molly/workspace-memory-attn/memory-attention/profile/results/optimization/offload-gap-001/supplemental-01/A0018/screen/manifest.json,445.6307270564139,441.65507443249226,446.7461836524308,444.641185272485,-0.2503096237068218
A0018,A0016,prefill,8,8192,True,0.726794358342886,0.8627678267657757,/home/molly/workspace-memory-attn/memory-attention/profile/results/optimization/offload-gap-001/supplemental-01/A0018/screen/manifest.json,997.6667645387352,991.4915066212416,996.9399701803923,991.6274800896645,0.07284941066257877
A0018,A0016,prefill,16,2048,True,0.18412992358207703,0.3503543324768543,"[""/home/molly/workspace-memory-attn/memory-attention/profile/results/optimization/offload-gap-001/A0016/R01/J09-prefill-ma_offload-b16-l2048.json"", ""/home/molly/workspace-memory-attn/memory-attention/profile/results/optimization/offload-gap-001/A0016/R01/J10-prefill-ma_gpu-b16-l2048.json"", ""/home/molly/workspace-memory-attn/memory-attention/profile/results/optimization/offload-gap-001/A0018/R01/J09-prefill-ma_offload-b16-l2048.json"", ""/home/molly/workspace-memory-attn/memory-attention/profile/results/optimization/offload-gap-001/A0018/R01/J10-prefill-ma_gpu-b16-l2048.json""]",,,,,
A0019,A0016,decode,8,8192,False,-0.0073685310781002045,0.05978541448712349,/home/molly/workspace-memory-attn/memory-attention/profile/results/optimization/offload-gap-001/supplemental-01/A0019/screen/manifest.json,34.72199002280831,34.59604047238827,34.729358553886414,34.66319441795349,-0.021221511420456994
A0019,A0016,generation,1,2048,False,2.0284472654263936,-3.082704885552289,/home/molly/workspace-memory-attn/memory-attention/profile/results/optimization/offload-gap-001/supplemental-01/A0019/screen/manifest.json,645.3716409703096,597.1896988650163,643.3431937048832,592.0785467140377,0.3143068484349024
A0019,A0016,generation,8,2048,False,-1.3037619801859819,-1.2735401901106798,/home/molly/workspace-memory-attn/memory-attention/profile/results/optimization/offload-gap-001/supplemental-01/A0019/screen/manifest.json,1373.2838337620099,1350.2468392873805,1374.5875957421958,1350.2770610774558,-0.09493754664062577
A0019,A0016,prefill,4,2048,False,-0.04792660474777222,-0.22833244875073433,/home/molly/workspace-memory-attn/memory-attention/profile/results/optimization/offload-gap-001/supplemental-01/A0019/screen/manifest.json,109.96361374855042,105.9419747442007,110.01154035329819,105.76156890019774,-0.043584057593236386
A0019,A0016,prefill,8,512,True,0.7145985960960388,0.6685374304652214,/home/molly/workspace-memory-attn/memory-attention/profile/results/optimization/offload-gap-001/supplemental-01/A0019/screen/manifest.json,55.44865392148495,52.04555103555322,54.73405532538891,51.9994898699224,1.2887573377487347
A0019,A0016,prefill,8,4096,True,0.10197125375270844,0.6712847389280796,/home/molly/workspace-memory-attn/memory-attention/profile/results/optimization/offload-gap-001/supplemental-01/A0019/screen/manifest.json,447.48197877779603,442.3313465900719,447.3800075240433,442.9006600752473,0.022787790031505113
A0019,A0016,prefill,8,8192,False,0.843365304172039,-0.8520890027284622,/home/molly/workspace-memory-attn/memory-attention/profile/results/optimization/offload-gap-001/supplemental-01/A0019/screen/manifest.json,996.8843181617558,991.6080076247454,996.0409528575838,989.9125533178449,0.08460011746670826
A0019,A0016,prefill,16,2048,False,-0.20144637674093246,0.15227636322379112,"[""/home/molly/workspace-memory-attn/memory-attention/profile/results/optimization/offload-gap-001/A0016/R01/J09-prefill-ma_offload-b16-l2048.json"", ""/home/molly/workspace-memory-attn/memory-attention/profile/results/optimization/offload-gap-001/A0016/R01/J10-prefill-ma_gpu-b16-l2048.json"", ""/home/molly/workspace-memory-attn/memory-attention/profile/results/optimization/offload-gap-001/A0019/R01/J09-prefill-ma_offload-b16-l2048.json"", ""/home/molly/workspace-memory-attn/memory-attention/profile/results/optimization/offload-gap-001/A0019/R01/J10-prefill-ma_gpu-b16-l2048.json""]",,,,,
A0020,A0016,decode,8,8192,True,0.005057360976934433,0.06395252421498299,/home/molly/workspace-memory-attn/memory-attention/profile/results/optimization/offload-gap-001/supplemental-01/A0020/screen/manifest.json,34.73291993141174,34.608457796275616,34.72786257043481,34.667352959513664,0.014560713544733275
A0020,A0016,generation,1,2048,True,13.538308783123853,15.32223466783762,/home/molly/workspace-memory-attn/memory-attention/profile/results/optimization/offload-gap-001/supplemental-01/A0020/screen/manifest.json,644.1831212180356,590.2895461767912,630.6448124349117,592.073472061505,2.101624264467737
A0020,A0016,generation,8,2048,False,-0.3857634961605072,-0.512484647333622,/home/molly/workspace-memory-attn/memory-attention/profile/results/optimization/offload-gap-001/supplemental-01/A0020/screen/manifest.json,1374.1277180301647,1350.0535173962514,1374.5134815263252,1349.9267962450783,-0.028073336349950476
A0020,A0016,prefill,4,2048,True,1.132281869649887,1.1181497015058994,/home/molly/workspace-memory-attn/memory-attention/profile/results/optimization/offload-gap-001/supplemental-01/A0020/screen/manifest.json,109.84383150935173,105.73705676943064,108.71154963970184,105.72292460128665,1.0308106100190875
A0020,A0016,prefill,8,512,True,1.784506905823946,1.7142591066658497,/home/molly/workspace-memory-attn/memory-attention/profile/results/optimization/offload-gap-001/supplemental-01/A0020/screen/manifest.json,55.82455946132541,52.014784049242735,54.04005255550146,51.94453625008464,3.1966341034186416
A0020,A0016,prefill,8,4096,False,-1.422248501330614,-2.5132697075605392,/home/molly/workspace-memory-attn/memory-attention/profile/results/optimization/offload-gap-001/supplemental-01/A0020/screen/manifest.json,444.9391610920429,442.86446003243327,446.36140959337354,441.77343882620335,-0.319650106284171
A0020,A0016,prefill,8,8192,True,1.1585898697376251,0.5637400783598423,/home/molly/workspace-memory-attn/memory-attention/profile/results/optimization/offload-gap-001/supplemental-01/A0020/screen/manifest.json,997.6241274736822,991.8340692296624,996.4655376039445,991.2392194382846,0.11613490871271949
A0020,A0016,prefill,16,2048,True,0.08180234581232071,0.17089201137423515,"[""/home/molly/workspace-memory-attn/memory-attention/profile/results/optimization/offload-gap-001/A0016/R01/J09-prefill-ma_offload-b16-l2048.json"", ""/home/molly/workspace-memory-attn/memory-attention/profile/results/optimization/offload-gap-001/A0016/R01/J10-prefill-ma_gpu-b16-l2048.json"", ""/home/molly/workspace-memory-attn/memory-attention/profile/results/optimization/offload-gap-001/A0020/R01/J09-prefill-ma_offload-b16-l2048.json"", ""/home/molly/workspace-memory-attn/memory-attention/profile/results/optimization/offload-gap-001/A0020/R01/J10-prefill-ma_gpu-b16-l2048.json""]",,,,,
