mode,variant,batch,length,baseline_status,candidate_status,baseline_ms,candidate_ms,speedup,round_extreme_ratio_low,round_extreme_ratio_high,regression_signal,independent_primary_verdict,requires_investigation
prefill,ma_offload,8,2048,completed,completed,209.9967568181455,210.72244923561811,0.996556169406226,0.9943809368147677,0.9987811536151883,True,within_noise,False
prefill,ma_gpu,8,2048,completed,completed,206.4495668746531,206.9463555701077,0.9975994324998572,0.9961243004962473,1.0019651991345733,False,within_noise,False
prefill,ma_gpu_unfolded,8,2048,completed,completed,208.02692803554237,208.67160256020725,0.9969105785513921,0.9929767286635953,0.9993624766101075,True,,True
decode,ma_offload,8,2048,completed,completed,11.05101672001183,5.472745234146714,2.0192821421797564,1.8911974352568108,2.045636256096667,False,repeatable_improvement,False
decode,ma_gpu,8,2048,completed,completed,10.925336554646492,5.311981588602066,2.056734642696996,2.051605718794412,2.057491312919138,False,repeatable_improvement,False
decode,ma_gpu_unfolded,8,2048,completed,completed,11.023253900930285,5.928197083994746,1.8594614424495834,1.8483276423333297,1.8671017811933222,False,,False
prefill,ma_offload,1,2048,completed,completed,43.85635033249855,43.21318375878036,1.0148835729694994,1.0129000640117451,1.0190325436560217,False,,False
prefill,ma_gpu,1,2048,completed,completed,29.086626414209604,28.970354003831744,1.0040134963612277,0.9993545306210087,1.005747554308271,False,,False
prefill,ma_gpu_unfolded,1,2048,completed,completed,29.16149483062327,29.16409308090806,0.9999109092719741,0.9991665270320993,1.006276375178727,False,,False
decode,ma_offload,1,2048,completed,completed,4.562958935275674,4.773103445768356,0.9559731916811927,0.9465322500809428,0.9596060151259607,True,,True
decode,ma_gpu,1,2048,completed,completed,4.573039896786213,4.768479615449905,0.9590142488959235,0.9490169842509003,0.9659717250100501,True,,True
decode,ma_gpu_unfolded,1,2048,pending,running,,,,,,,,False
prefill,ma_offload,4,2048,pending,pending,,,,,,,,False
prefill,ma_gpu,4,2048,pending,pending,,,,,,,,False
prefill,ma_gpu_unfolded,4,2048,pending,pending,,,,,,,,False
decode,ma_offload,4,2048,pending,pending,,,,,,,,False
decode,ma_gpu,4,2048,pending,pending,,,,,,,,False
decode,ma_gpu_unfolded,4,2048,pending,pending,,,,,,,,False
prefill,ma_offload,16,2048,pending,pending,,,,,,,,False
prefill,ma_gpu,16,2048,pending,pending,,,,,,,,False
prefill,ma_gpu_unfolded,16,2048,pending,pending,,,,,,,,False
decode,ma_offload,16,2048,pending,pending,,,,,,,,False
decode,ma_gpu,16,2048,pending,pending,,,,,,,,False
decode,ma_gpu_unfolded,16,2048,pending,pending,,,,,,,,False
prefill,ma_offload,8,512,pending,pending,,,,,,,,False
prefill,ma_gpu,8,512,pending,pending,,,,,,,,False
prefill,ma_gpu_unfolded,8,512,pending,pending,,,,,,,,False
decode,ma_offload,8,512,pending,pending,,,,,,,,False
decode,ma_gpu,8,512,pending,pending,,,,,,,,False
decode,ma_gpu_unfolded,8,512,pending,pending,,,,,,,,False
prefill,ma_offload,8,4096,pending,pending,,,,,,,,False
prefill,ma_gpu,8,4096,pending,pending,,,,,,,,False
prefill,ma_gpu_unfolded,8,4096,pending,pending,,,,,,,,False
decode,ma_offload,8,4096,pending,pending,,,,,,,,False
decode,ma_gpu,8,4096,pending,pending,,,,,,,,False
decode,ma_gpu_unfolded,8,4096,pending,pending,,,,,,,,False
prefill,ma_offload,8,8192,pending,pending,,,,,,,,False
prefill,ma_gpu,8,8192,pending,pending,,,,,,,,False
prefill,ma_gpu_unfolded,8,8192,pending,pending,,,,,,,,False
decode,ma_offload,8,8192,pending,pending,,,,,,,,False
decode,ma_gpu,8,8192,pending,pending,,,,,,,,False
decode,ma_gpu_unfolded,8,8192,pending,pending,,,,,,,,False
generation,ma_offload,1,2048,pending,pending,,,,,,,,False
generation,ma_gpu,1,2048,pending,pending,,,,,,,,False
generation,ma_gpu_unfolded,1,2048,pending,pending,,,,,,,,False
generation,ma_offload,8,2048,pending,pending,,,,,,,,False
generation,ma_gpu,8,2048,pending,pending,,,,,,,,False
generation,ma_gpu_unfolded,8,2048,pending,pending,,,,,,,,False
