mode,batch,length,original_matrix,main_gpu_status,main_gpu_mean_ms,main_gpu_gpu_peak_allocated_gib,main_gpu_host_rss_gib,main_gpu_host_pinned_gib,head_gpu_status,head_gpu_mean_ms,head_gpu_gpu_peak_allocated_gib,head_gpu_host_rss_gib,head_gpu_host_pinned_gib,head_offload_status,head_offload_mean_ms,head_offload_gpu_peak_allocated_gib,head_offload_host_rss_gib,head_offload_host_pinned_gib,offload_minus_main_ms_mean,offload_minus_main_ms_lower_95,offload_minus_main_ms_upper_95,offload_minus_folded_gpu_ms_mean,offload_minus_folded_gpu_ms_lower_95,offload_minus_folded_gpu_ms_upper_95,offload_vs_main_pct_mean,offload_vs_main_pct_lower_95,offload_vs_main_pct_upper_95,offload_vs_folded_gpu_pct_mean,offload_vs_folded_gpu_pct_lower_95,offload_vs_folded_gpu_pct_upper_95
prefill,1,2048,True,completed,29.15975563745532,5.801128387451172,1.8597450256347656,0.0,completed,29.060149617079233,5.801128387451172,4.790162404378255,0.0,completed,29.34119134830932,2.855907440185547,11.730157216389975,2.9375,0.18143571085400012,0.10372991298216096,0.2591415087258393,0.28104173123008636,0.1919665487540724,0.37011691370610034,0.6222685495968457,0.3546546672089952,0.8898824319846963,0.9672262686495273,0.6569177704335735,1.277534766865481
decode,1,2048,True,completed,5.477354706575473,5.713463306427002,2.0208727518717446,0.0,completed,4.611575236130092,5.713463306427002,4.9508717854817705,0.0,completed,4.477627327044805,2.7682385444641113,11.89108149210612,2.9375,-0.9997273795306683,-1.1415894008545975,-0.857865358206739,-0.1339479090852871,-0.3275021198034757,0.05960630163290154,-18.248706893682076,-20.59122200099982,-15.906191786364332,-2.8952770244466075,-7.023458071908383,1.232904023015168
prefill,4,2048,True,completed,106.2885786820617,7.236721038818359,1.8577969868977864,0.0,completed,106.39602564171784,7.236721038818359,4.788143157958984,0.0,completed,106.75287614576519,4.408962249755859,11.75189463297526,2.9609375,0.46429746370348823,0.15237002435800995,0.7762249030489665,0.35685050404733926,-0.20185768325847125,0.9155586913531497,0.43714144405992233,0.13917459758349782,0.7351082905363469,0.3352295215234502,-0.1892611125277628,0.8597201555746632
decode,4,2048,True,completed,7.300117699843314,6.885991096496582,2.027167002360026,0.0,completed,7.209672189007203,6.885991096496582,4.957177480061849,0.0,completed,7.253462966117594,4.0582170486450195,11.921045939127604,2.9609375,-0.04665473372572008,-0.08160579972949508,-0.011703667721945067,0.043790777110391,0.024224608323943922,0.06335694589683807,-0.6389844438288198,-1.116486139225953,-0.16148274843168658,0.6075126626048366,0.33365303983527034,0.8813722853744028
prefill,8,2048,True,completed,208.64582710588974,9.15084457397461,1.857953389485677,0.0,completed,206.848367722705,9.15084457397461,4.788169860839844,0.0,completed,208.59285708413356,6.448451995849609,11.783612569173178,2.9921875,-0.05297002175617157,-0.4504187416165984,0.3444786981042553,1.7444893614285395,0.5432172617133983,2.9457614611436806,-0.0253905775075484,-0.21587740366603567,0.1650962486509389,0.8436437705184726,0.2595863638981375,1.4277011771388077
decode,8,2048,True,completed,11.035559264322123,8.449361324310303,2.0277493794759116,0.0,completed,10.93202487876018,8.449361324310303,4.957294464111328,0.0,completed,10.9338516007281,5.746938228607178,11.952504475911459,2.9921875,-0.10170766359402113,-0.14392181057571457,-0.05949351661232767,0.001826721967921922,-0.027962023988544537,0.03161546792438838,-0.9215414776425105,-1.3022037483488593,-0.5408792069361616,0.016774466978164426,-0.25581191091084754,0.2893608448671764
prefill,16,2048,True,completed,421.8079083909591,12.97909164428711,1.8578567504882812,0.0,completed,417.56180769039526,12.97909164428711,4.788071950276692,0.0,completed,420.6858410137809,10.52743148803711,12.221141815185547,3.4296875,-1.1220673771782117,-7.025608444448983,4.781473690092559,3.1240333233856368,-4.392849172908841,10.640915819680114,-0.2651624671359302,-1.665638641269742,1.1353137069978814,0.7498060498233575,-1.0539164726726837,2.5535285723193986
decode,16,2048,True,completed,20.37943664731251,11.576101779937744,2.0041516621907554,0.0,completed,20.28575544245541,11.576101779937744,4.934206644694011,0.0,completed,20.165436880456078,9.124380588531494,12.366958618164062,3.4296875,-0.21399976685643196,-0.2335843737601444,-0.19441515995271952,-0.12031856199933462,-0.20361339264479145,-0.03702373135387778,-1.0500496433015167,-1.14323505399907,-0.9568642326039634,-0.5930914078853045,-1.0033872624522475,-0.18279555331836128
prefill,8,512,True,completed,52.15078075416386,6.279659271240234,1.8579088846842449,0.0,completed,51.97426079668932,6.279659271240234,4.788876851399739,0.0,completed,52.48206763321327,3.3897666931152344,11.736072540283203,2.9453125,0.3312868790494079,0.013369062396671794,0.649204695702144,0.5078068365239451,0.34739702922010296,0.6682166438277872,0.6352942788099577,0.02544858345886991,1.2451399741610456,0.9769745328930121,0.6700873986338456,1.2838616671521785
decode,8,512,True,completed,5.706146540534165,6.105588436126709,2.0043729146321616,0.0,completed,5.600080023416214,6.105588436126709,4.934369405110677,0.0,completed,5.605026422482398,3.215665340423584,11.882284800211588,2.9453125,-0.10112011805176735,-0.11701244904694,-0.0852277870565947,0.0049463990661834005,-0.020030494657322796,0.029923292789689596,-1.7721747950189808,-2.0534784920762563,-1.4908710979617055,0.08863656688942918,-0.3580038268062423,0.5352769605851007
prefill,8,4096,True,completed,451.487495098263,12.98495101928711,1.8578211466471355,0.0,completed,447.42066946605013,12.98495101928711,4.788144429524739,0.0,completed,450.45438479735617,10.53255844116211,12.221107482910156,3.4296875,-1.0331103009068368,-5.0818826630064615,3.0156620611927876,3.0337153313060603,-3.1302756302976786,9.1977062929098,-0.2283540866612014,-1.1257258034266358,0.6690176301042329,0.6785922784339501,-0.7005583254193951,2.0577428822872954
decode,8,4096,True,completed,19.060913535455864,11.580220699310303,2.027245839436849,0.0,completed,18.978360067639084,11.580220699310303,4.957201639811198,0.0,completed,18.953979848366647,9.127797603607178,12.389970143636068,3.4296875,-0.10693368708921724,-0.1312126866252694,-0.08265468755316512,-0.024380219272439756,-0.0719993669002422,0.02323892835536268,-0.5610053561717954,-0.6881907326590311,-0.4338199796845597,-0.1283953422330749,-0.3788519422014216,0.12206125773527185
prefill,8,8192,True,completed,1018.1115738737086,20.65316390991211,1.8578999837239583,0.0,completed,1010.0870280785279,20.65316390991211,4.788244883219401,0.0,completed,1014.9390803650022,18.70077133178711,12.721986134847006,3.9296875,-3.17249350870649,-29.540487490145914,23.19550047273293,4.852052286474266,-22.692591998882335,32.396696571830866,-0.3079417081717846,-2.9033162041505576,2.287432787806988,0.4842870881276551,-2.2464995112360877,3.215073687491398
decode,8,8192,True,completed,34.778739584402906,17.841939449310303,2.0271695454915366,0.0,completed,34.66253967748748,17.841939449310303,4.957370758056641,0.0,completed,34.67130744829774,15.889516353607178,12.890408833821615,3.9296875,-0.10743213610516496,-0.269690244814477,0.05482597260414711,0.008767770810261291,-0.16142370820491372,0.1789592498254363,-0.3088229480361582,-0.7748612168355467,0.15721532076323025,0.02538755218413809,-0.46567995302028053,0.5164550573885567
generation,1,2048,True,completed,699.7354702506628,5.801517486572266,2.0315577189127603,0.0,completed,588.4389570603768,5.801517486572266,4.961407979329427,0.0,completed,594.2100968211889,2.8562965393066406,11.901602427164713,2.9375,-105.52537342947387,-111.35292031292107,-99.69782654602668,5.771139760812123,-3.561792937949604,15.10407245957385,-15.080149510010276,-15.786993202937861,-14.373305817082692,0.9843511078682088,-0.6299635350167789,2.5986657507531965
generation,8,2048,True,completed,1356.9257754108144,9.151240348815918,2.0378621419270835,0.0,completed,1351.303712796006,9.151240348815918,4.967728932698567,0.0,completed,1343.7100250170463,6.448847770690918,11.962964375813803,2.9921875,-13.215750393768152,-16.326465759728958,-10.105035027807345,-7.593687778959672,-9.746164063081684,-5.44121149483766,-0.9739124388994455,-1.201889422185675,-0.7459354556132158,-0.5619508929290714,-0.7212537776971909,-0.4026480081609519
prefill,32,2048,False,completed,845.995759503502,20.63558578491211,1.8579292297363281,0.0,completed,836.4596702572372,20.63558578491211,4.788134256998698,0.0,completed,842.1264560272297,18.68636703491211,12.725938161214193,3.9326171875,-3.869303476272345,-17.404623148420338,9.666016195875649,5.66678576999243,-9.069429184459521,20.403000724444382,-0.45645577292655615,-2.0559429800738656,1.1430314342207533,0.6809432836430725,-1.0960380868115607,2.4579246540977056
decode,32,2048,False,completed,35.4500951555868,17.829583168029785,1.9123903910319011,0.0,completed,35.348129412159324,17.829583168029785,4.84255854288737,0.0,completed,35.63570840698149,15.880242347717285,12.779001871744791,3.9326171875,0.18561325139469412,-0.02990440722794019,0.4011309100173284,0.2875789948221694,0.14710354030259642,0.4280544493417424,0.5239602572263635,-0.08597777092198122,1.1338982853747082,0.8136465623882408,0.4148516633003125,1.2124414614761692
prefill,64,2048,False,oom,,,,,oom,,,,,oom,,,,,,,,,,,,,,,,
decode,64,2048,False,oom,,,,,oom,,,,,oom,,,,,,,,,,,,,,,,
