mode,variant,batch,length,baseline_status,candidate_status,baseline_ms,candidate_ms,speedup,round_extreme_ratio_low,round_extreme_ratio_high,regression_signal
prefill,ma_offload,8,2048,completed,completed,209.9967568181455,210.72244923561811,0.996556169406226,0.9943809368147677,0.9987811536151883,True
prefill,ma_gpu,8,2048,completed,completed,206.4495668746531,206.9463555701077,0.9975994324998572,0.9961243004962473,1.0019651991345733,False
prefill,ma_gpu_unfolded,8,2048,completed,completed,208.02692803554237,208.67160256020725,0.9969105785513921,0.9929767286635953,0.9993624766101075,True
decode,ma_offload,8,2048,completed,completed,11.05101672001183,5.472745234146714,2.0192821421797564,1.8911974352568108,2.045636256096667,False
decode,ma_gpu,8,2048,completed,completed,10.925336554646492,5.311981588602066,2.056734642696996,2.051605718794412,2.057491312919138,False
decode,ma_gpu_unfolded,8,2048,completed,completed,11.023253900930285,5.928197083994746,1.8594614424495834,1.8483276423333297,1.8671017811933222,False
prefill,ma_offload,1,2048,completed,completed,43.85635033249855,43.21318375878036,1.0148835729694994,1.0129000640117451,1.0190325436560217,False
prefill,ma_gpu,1,2048,running,completed,,28.970354003831744,,,,
prefill,ma_gpu_unfolded,1,2048,pending,pending,,,,,,
decode,ma_offload,1,2048,pending,pending,,,,,,
decode,ma_gpu,1,2048,pending,pending,,,,,,
decode,ma_gpu_unfolded,1,2048,pending,pending,,,,,,
prefill,ma_offload,4,2048,pending,pending,,,,,,
prefill,ma_gpu,4,2048,pending,pending,,,,,,
prefill,ma_gpu_unfolded,4,2048,pending,pending,,,,,,
decode,ma_offload,4,2048,pending,pending,,,,,,
decode,ma_gpu,4,2048,pending,pending,,,,,,
decode,ma_gpu_unfolded,4,2048,pending,pending,,,,,,
prefill,ma_offload,16,2048,pending,pending,,,,,,
prefill,ma_gpu,16,2048,pending,pending,,,,,,
prefill,ma_gpu_unfolded,16,2048,pending,pending,,,,,,
decode,ma_offload,16,2048,pending,pending,,,,,,
decode,ma_gpu,16,2048,pending,pending,,,,,,
decode,ma_gpu_unfolded,16,2048,pending,pending,,,,,,
prefill,ma_offload,8,512,pending,pending,,,,,,
prefill,ma_gpu,8,512,pending,pending,,,,,,
prefill,ma_gpu_unfolded,8,512,pending,pending,,,,,,
decode,ma_offload,8,512,pending,pending,,,,,,
decode,ma_gpu,8,512,pending,pending,,,,,,
decode,ma_gpu_unfolded,8,512,pending,pending,,,,,,
prefill,ma_offload,8,4096,pending,pending,,,,,,
prefill,ma_gpu,8,4096,pending,pending,,,,,,
prefill,ma_gpu_unfolded,8,4096,pending,pending,,,,,,
decode,ma_offload,8,4096,pending,pending,,,,,,
decode,ma_gpu,8,4096,pending,pending,,,,,,
decode,ma_gpu_unfolded,8,4096,pending,pending,,,,,,
prefill,ma_offload,8,8192,pending,pending,,,,,,
prefill,ma_gpu,8,8192,pending,pending,,,,,,
prefill,ma_gpu_unfolded,8,8192,pending,pending,,,,,,
decode,ma_offload,8,8192,pending,pending,,,,,,
decode,ma_gpu,8,8192,pending,pending,,,,,,
decode,ma_gpu_unfolded,8,8192,pending,pending,,,,,,
generation,ma_offload,1,2048,pending,pending,,,,,,
generation,ma_gpu,1,2048,pending,pending,,,,,,
generation,ma_gpu_unfolded,1,2048,pending,pending,,,,,,
generation,ma_offload,8,2048,pending,pending,,,,,,
generation,ma_gpu,8,2048,pending,pending,,,,,,
generation,ma_gpu_unfolded,8,2048,pending,pending,,,,,,
