case,pair,mode,variant,batch,length,baseline_ms,candidate_ms,speedup
1,1,prefill,ma_offload,1,2048,43.65295427851379,44.1480403766036,0.9887857740940142
1,2,prefill,ma_offload,1,2048,43.465072149410844,43.90496578998864,0.9899807770564737
1,3,prefill,ma_offload,1,2048,43.58598026446998,43.45768615603447,1.0029521615111967
2,1,prefill,ma_offload,8,512,81.80692233145237,79.91194962523878,1.0237132583437196
2,2,prefill,ma_offload,8,512,81.87146252021194,81.88654058612883,0.9998158663706029
2,3,prefill,ma_offload,8,512,80.73758729733527,81.15867264568806,0.9948115791618339
3,1,prefill,ma_gpu,8,512,52.34785154461861,52.33091679401696,1.0003236089034768
3,2,prefill,ma_gpu,8,512,52.33137300238013,52.32190131209791,1.0001810272571274
3,3,prefill,ma_gpu,8,512,52.326258877292275,52.33106501400471,0.9999081590120296
4,1,decode,ma_gpu_unfolded,8,512,5.669918470084667,5.728186061605811,0.9898279156971361
4,2,decode,ma_gpu_unfolded,8,512,5.677215242758393,5.637448048219085,1.0070541128182762
4,3,decode,ma_gpu_unfolded,8,512,5.669301003217697,5.820377357304096,0.9740435465242111
