attempt,mode,batch,length,variant,blocks,source_manifest,latency_ms_mean,latency_ms_lower_95,latency_ms_upper_95,tokens_per_second_mean,tokens_per_second_lower_95,tokens_per_second_upper_95,gpu_peak_allocated_bytes_mean,gpu_peak_allocated_bytes_lower_95,gpu_peak_allocated_bytes_upper_95,host_rss_bytes_mean,host_rss_bytes_lower_95,host_rss_bytes_upper_95,offload_pinned_bytes_mean,offload_pinned_bytes_lower_95,offload_pinned_bytes_upper_95,cpu_table_bytes_mean,cpu_table_bytes_lower_95,cpu_table_bytes_upper_95,cpu_table_pinned_bytes_mean,cpu_table_pinned_bytes_lower_95,cpu_table_pinned_bytes_upper_95,offload_gpu_buffer_bytes_mean,offload_gpu_buffer_bytes_lower_95,offload_gpu_buffer_bytes_upper_95,kv_cache_storage_bytes_mean,kv_cache_storage_bytes_lower_95,kv_cache_storage_bytes_upper_95
A0028,decode,1,2048,ma_gpu,3,A0028/R02-parent-confirmation/manifest.json,4.595281354462107,4.482496374678135,4.7080663342460785,217.62863853355006,212.30833405244266,222.94894301465746,6134784512,6134784512.0,6134784512.0,5316014080,5315871629.607052,5316156530.392948,0,0.0,0.0,0,0.0,0.0,0,0.0,0.0,0,0.0,0.0,402849792,402849792.0,402849792.0
A0028,decode,1,2048,ma_offload,3,A0028/R02-parent-confirmation/manifest.json,4.538367378214995,4.432810710311281,4.64392404611871,220.35647881034038,215.21289722411916,225.5000603965616,2972373504,2972373504.0,2972373504.0,12767970645.333334,12767878881.847734,12768062408.818933,3154116608,3154116608.0,3154116608.0,3145728000,3145728000.0,3145728000.0,3145728000,3145728000.0,3145728000.0,8486912,8486912.0,8486912.0,402849792,402849792.0,402849792.0
A0028,decode,4,2048,ma_gpu,3,A0028/R02-parent-confirmation/manifest.json,7.208689757519298,7.19683621948656,7.2205432955520354,554.8860199868012,553.9732515267021,555.7987884469003,7393776640,7393776640.0,7393776640.0,5322701482.666667,5321977385.651173,5323425579.682161,0,0.0,0.0,0,0.0,0.0,0,0.0,0.0,0,0.0,0.0,1611399168,1611399168.0,1611399168.0
A0028,decode,4,2048,ma_offload,3,A0028/R02-parent-confirmation/manifest.json,7.260757907190257,7.238519402068534,7.28299641231198,550.9072333906361,549.2210843267337,552.5933824545384,4357477376,4357477376.0,4357477376.0,12800005461.333334,12799993712.222946,12800017210.443722,3179282432,3179282432.0,3179282432.0,3145728000,3145728000.0,3145728000.0,3145728000,3145728000.0,3145728000.0,134610944,134610944.0,134610944.0,1611399168,1611399168.0,1611399168.0
A0028,decode,8,2048,ma_gpu,3,A0028/R02-parent-confirmation/manifest.json,10.932037270524436,10.912441509393316,10.951633031655556,731.7943196405561,730.4827101595697,733.1059291215424,9072432640,9072432640.0,9072432640.0,5323498837.333333,5319824858.390199,5327172816.276467,0,0.0,0.0,0,0.0,0.0,0,0.0,0.0,0,0.0,0.0,3222798336,3222798336.0,3222798336.0
A0028,decode,8,2048,ma_offload,3,A0028/R02-parent-confirmation/manifest.json,10.942488080925411,10.921182207985959,10.963793953864863,731.0954525878622,729.6721996700231,732.5187055057012,6170727936,6170727936.0,6170727936.0,12833637717.333334,12833338922.417873,12833936512.248795,3212836864,3212836864.0,3212836864.0,3145728000,3145728000.0,3145728000.0,3145728000,3145728000.0,3145728000.0,269221888,269221888.0,269221888.0,3222798336,3222798336.0,3222798336.0
A0028,decode,16,2048,ma_gpu,3,A0028/R02-parent-confirmation/manifest.json,20.280527592533165,20.240891339291306,20.320163845775024,788.9344362906569,787.3922032104707,790.4766693708431,12429744640,12429744640.0,12429744640.0,5298167808,5297787637.577866,5298547978.422134,0,0.0,0.0,0,0.0,0.0,0,0.0,0.0,0,0.0,0.0,6445596672,6445596672.0,6445596672.0
A0028,decode,16,2048,ma_offload,3,A0028/R02-parent-confirmation/manifest.json,20.186861894196934,20.182667223865533,20.191056564528335,792.5947162313555,792.4300239557488,792.7594085069622,9797229056,9797229056.0,9797229056.0,13278965760,13278195879.426065,13279735640.573935,3682598912,3682598912.0,3682598912.0,3145728000,3145728000.0,3145728000.0,3145728000,3145728000.0,3145728000.0,538443776,538443776.0,538443776.0,6445596672,6445596672.0,6445596672.0
A0028,generation,8,2048,ma_gpu,3,A0028/R02-parent-confirmation/manifest.json,1349.7360786733527,1346.9555617193555,1352.51659562735,758.6671834803708,757.1050420179515,760.2293249427901,9826069504,9826069504.0,9826069504.0,5334125226.666667,5333792340.965096,5334458112.3682375,0,0.0,0.0,0,0.0,0.0,0,0.0,0.0,0,0.0,0.0,3422552064,3422552064.0,3422552064.0
A0028,generation,8,2048,ma_offload,3,A0028/R02-parent-confirmation/manifest.json,1343.35307073262,1341.7036121012957,1345.0025293639442,762.2718025912275,761.3360718352478,763.2075333472071,6924397568,6924397568.0,6924397568.0,12845125632,12844894499.79275,12845356764.20725,3212836864,3212836864.0,3212836864.0,3145728000,3145728000.0,3145728000.0,3145728000,3145728000.0,3145728000.0,269221888,269221888.0,269221888.0,3422552064,3422552064.0,3422552064.0
A0028,prefill,1,2048,ma_gpu,3,A0028/R02-parent-confirmation/manifest.json,29.050036307631267,28.919923473216734,29.1801491420458,70499.2039856157,70183.66035370037,70814.74761753104,6228914176,6228914176.0,6228914176.0,5143186090.666667,5142853204.965096,5143518976.3682375,0,0.0,0.0,0,0.0,0.0,0,0.0,0.0,0,0.0,0.0,402653184,402653184.0,402653184.0
A0028,prefill,1,2048,ma_offload,3,A0028/R02-parent-confirmation/manifest.json,29.31404375574655,29.275964760457683,29.352122751035417,69864.13714959605,69773.37896964615,69954.89532954595,3066507264,3066507264.0,3066507264.0,12595302400,12595026921.567451,12595577878.432549,3154116608,3154116608.0,3154116608.0,3145728000,3145728000.0,3145728000.0,3145728000,3145728000.0,3145728000.0,8486912,8486912.0,8486912.0,402653184,402653184.0,402653184.0
A0028,prefill,4,2048,ma_gpu,3,A0028/R02-parent-confirmation/manifest.json,105.94886547575395,105.03376667244727,106.86396427906062,77320.9420066136,76652.49678477707,77989.38722845011,7770370048,7770370048.0,7770370048.0,5141411157.333333,5140851777.511342,5141970537.155324,0,0.0,0.0,0,0.0,0.0,0,0.0,0.0,0,0.0,0.0,1610612736,1610612736.0,1610612736.0
A0028,prefill,4,2048,ma_offload,3,A0028/R02-parent-confirmation/manifest.json,106.99923475169473,106.85601384166132,107.14245566172814,76561.31003563518,76458.8451417682,76663.77492950216,4734087168,4734087168.0,4734087168.0,12618383360,12617570375.894125,12619196344.105875,3179282432,3179282432.0,3179282432.0,3145728000,3145728000.0,3145728000.0,3145728000,3145728000.0,3145728000.0,134610944,134610944.0,134610944.0,1610612736,1610612736.0,1610612736.0
A0028,prefill,8,512,ma_gpu,3,A0028/R02-parent-confirmation/manifest.json,51.93871852631371,51.75618592176272,52.12125113086469,78862.27417788989,78585.34799847363,79139.20035730615,6742732800,6742732800.0,6742732800.0,5141173589.333333,5140759485.274828,5141587693.391838,0,0.0,0.0,0,0.0,0.0,0,0.0,0.0,0,0.0,0.0,805306368,805306368.0,805306368.0
A0028,prefill,8,512,ma_offload,3,A0028/R02-parent-confirmation/manifest.json,52.37616014459895,52.234507936138556,52.51781235305934,78203.58016577702,77991.94763590103,78415.21269565301,3639734272,3639734272.0,3639734272.0,12601581568,12601243947.137207,12601919188.862793,3162505216,3162505216.0,3162505216.0,3145728000,3145728000.0,3145728000.0,3145728000,3145728000.0,3145728000.0,67895296,67895296.0,67895296.0,805306368,805306368.0,805306368.0
A0028,prefill,8,2048,ma_gpu,3,A0028/R02-parent-confirmation/manifest.json,206.65473527688948,206.2873523064774,207.02211824730156,79282.02356495103,79141.12935093966,79422.9177789624,9825644544,9825644544.0,9825644544.0,5141281450.666667,5140249483.421889,5142313417.911445,0,0.0,0.0,0,0.0,0.0,0,0.0,0.0,0,0.0,0.0,3221225472,3221225472.0,3221225472.0
A0028,prefill,8,2048,ma_offload,3,A0028/R02-parent-confirmation/manifest.json,208.1568289703379,206.9248262467059,209.3888316939699,78710.18292652539,78243.7144805677,79176.65137248309,6923972608,6923972608.0,6923972608.0,12652161706.666666,12651877108.8701,12652446304.463232,3212836864,3212836864.0,3212836864.0,3145728000,3145728000.0,3145728000.0,3145728000,3145728000.0,3145728000.0,269221888,269221888.0,269221888.0,3221225472,3221225472.0,3221225472.0
A0028,prefill,16,2048,ma_gpu,3,A0028/R02-parent-confirmation/manifest.json,418.6443047442784,417.5354358099539,419.7531736786028,78271.75595014493,78064.31053401137,78479.20136627849,13936193536,13936193536.0,13936193536.0,5141318314.666667,5140749573.981239,5141887055.352095,0,0.0,0.0,0,0.0,0.0,0,0.0,0.0,0,0.0,0.0,6442450944,6442450944.0,6442450944.0
A0028,prefill,16,2048,ma_offload,3,A0028/R02-parent-confirmation/manifest.json,421.11103122329547,418.5174725151612,423.7045899314297,77813.52578759349,77334.96741624102,78292.08415894596,11303743488,11303743488.0,11303743488.0,13122558634.666666,13122049340.884232,13123067928.4491,3682598912,3682598912.0,3682598912.0,3145728000,3145728000.0,3145728000.0,3145728000,3145728000.0,3145728000.0,538443776,538443776.0,538443776.0,6442450944,6442450944.0,6442450944.0
A0028,decode,8,512,ma_gpu,3,A0028/R03-remaining-confirmation/manifest.json,5.60225872322917,5.582615044393395,5.621902402064944,1427.997352080733,1422.9918888309592,1433.0028153305068,6555825664,6555825664.0,6555825664.0,5298016256,5297959603.841333,5298072908.158667,0,0.0,0.0,0,0.0,0.0,0,0.0,0.0,0,0.0,0.0,806879232,806879232.0,806879232.0
A0028,decode,8,512,ma_offload,3,A0028/R03-remaining-confirmation/manifest.json,5.616239592846897,5.599517477869534,5.63296170782426,1424.4420186374118,1420.2003357319209,1428.6837015429028,3452794368,3452794368.0,3452794368.0,12758421504,12758012979.474127,12758830028.525873,3162505216,3162505216.0,3162505216.0,3145728000,3145728000.0,3145728000.0,3145728000,3145728000.0,3145728000.0,67895296,67895296.0,67895296.0,806879232,806879232.0,806879232.0
A0028,decode,8,4096,ma_gpu,3,A0028/R03-remaining-confirmation/manifest.json,18.959567349197137,18.932492272739296,18.986642425654978,421.9506497598631,421.34820370724964,422.55309581247656,12434167296,12434167296.0,12434167296.0,5323586218.666667,5320487988.059481,5326684449.273853,0,0.0,0.0,0,0.0,0.0,0,0.0,0.0,0,0.0,0.0,6444023808,6444023808.0,6444023808.0
A0028,decode,8,4096,ma_offload,3,A0028/R03-remaining-confirmation/manifest.json,18.955274743752348,18.94742671008643,18.963122777418267,422.0461194210048,421.8713716245483,422.22086721746126,9800898048,9800898048.0,9800898048.0,13303960917.333334,13303230698.071249,13304691136.595419,3682598912,3682598912.0,3682598912.0,3145728000,3145728000.0,3145728000.0,3145728000,3145728000.0,3145728000.0,537657344,537657344.0,537657344.0,6444023808,6444023808.0,6444023808.0
A0028,decode,8,8192,ma_gpu,3,A0028/R03-remaining-confirmation/manifest.json,34.64977632069753,34.608965751295315,34.69058689009975,230.88175591905252,230.60977751062035,231.1537343274847,19157636608,19157636608.0,19157636608.0,5322932224,5322618773.676705,5323245674.323295,0,0.0,0.0,0,0.0,0.0,0,0.0,0.0,0,0.0,0.0,12886474752,12886474752.0,12886474752.0
A0028,decode,8,8192,ma_offload,3,A0028/R03-remaining-confirmation/manifest.json,34.65076665807929,34.59954728358757,34.701986032571014,230.87517710476473,230.53379537882236,231.2165588307071,17061238272,17061238272.0,17061238272.0,13840713045.333334,13840539970.129753,13840886120.536915,4219469824,4219469824.0,4219469824.0,3145728000,3145728000.0,3145728000.0,3145728000,3145728000.0,3145728000.0,1074528256,1074528256.0,1074528256.0,12886474752,12886474752.0,12886474752.0
A0028,generation,1,2048,ma_gpu,3,A0028/R03-remaining-confirmation/manifest.json,592.4468548451033,579.7941584516896,605.099551238517,216.0637339688044,211.46969101098085,220.65777692662795,6229331968,6229331968.0,6229331968.0,5327204352,5326913517.0171,5327495186.9829,0,0.0,0.0,0,0.0,0.0,0,0.0,0.0,0,0.0,0.0,427819008,427819008.0,427819008.0
A0028,generation,1,2048,ma_offload,3,A0028/R03-remaining-confirmation/manifest.json,599.7218923850191,588.8097701030889,610.6340146669494,213.43989235186936,209.55805242916483,217.3217322745739,3066925056,3066925056.0,3066925056.0,12779433984,12779220308.410578,12779647659.589422,3154116608,3154116608.0,3154116608.0,3145728000,3145728000.0,3145728000.0,3145728000,3145728000.0,3145728000.0,8486912,8486912.0,8486912.0,427819008,427819008.0,427819008.0
A0028,prefill,8,4096,ma_gpu,3,A0028/R03-remaining-confirmation/manifest.json,447.75000425676507,444.6392955758926,450.8607129376375,73184.07668481313,72676.288599121,73691.86477050526,13942484992,13942484992.0,13942484992.0,5141256874.666667,5140665117.101548,5141848632.231786,0,0.0,0.0,0,0.0,0.0,0,0.0,0.0,0,0.0,0.0,6442450944,6442450944.0,6442450944.0
A0028,prefill,8,4096,ma_offload,3,A0028/R03-remaining-confirmation/manifest.json,451.27152083959015,450.8253434811905,451.7176981979898,72612.61113789567,72540.82297508698,72684.39930070436,11309248512,11309248512.0,11309248512.0,13122609152,13122474549.030748,13122743754.969252,3682598912,3682598912.0,3682598912.0,3145728000,3145728000.0,3145728000.0,3145728000,3145728000.0,3145728000.0,537657344,537657344.0,537657344.0,6442450944,6442450944.0,6442450944.0
A0028,prefill,8,8192,ma_gpu,3,A0028/R03-remaining-confirmation/manifest.json,1011.6657479821395,1006.8868335927281,1016.4446623715509,64780.445463400276,64474.77052921821,65086.120397582345,22176165888,22176165888.0,22176165888.0,5141314218.666667,5141096622.09718,5141531815.236154,0,0.0,0.0,0,0.0,0.0,0,0.0,0.0,0,0.0,0.0,12884901888,12884901888.0,12884901888.0
A0028,prefill,8,8192,ma_offload,3,A0028/R03-remaining-confirmation/manifest.json,1017.6635469620427,1010.8688808486723,1024.458213075413,64398.80479466776,63968.16989105807,64829.439698277456,20079800320,20079800320.0,20079800320.0,13660124501.333334,13659365773.476225,13660883229.190443,4219469824,4219469824.0,4219469824.0,3145728000,3145728000.0,3145728000.0,3145728000,3145728000.0,3145728000.0,1074528256,1074528256.0,1074528256.0,12884901888,12884901888.0,12884901888.0
