mode,variant,batch,length,baseline_status,candidate_status,baseline_ms,candidate_ms,speedup,round_extreme_ratio_low,round_extreme_ratio_high,regression_signal,independent_confirmation_verdict,requires_investigation
prefill,ma_offload,8,2048,completed,completed,210.11761147528887,209.69130415469408,1.0020330233640986,0.996985869028744,1.0032217795294789,False,within_noise,False
prefill,ma_gpu,8,2048,completed,completed,206.60252766683698,206.66078398935497,0.999718106544486,0.9973729614698282,1.0051004039363391,False,within_noise,False
prefill,ma_gpu_unfolded,8,2048,completed,completed,208.02692803554237,208.09039874002337,0.9996949849446908,0.9957096728627433,1.0032099831137227,False,,False
decode,ma_offload,8,2048,completed,completed,11.07121529057622,5.543818511068821,1.997037830237654,1.9011662264337323,2.0463413460005864,False,repeatable_improvement,False
decode,ma_gpu,8,2048,completed,completed,10.924544464796782,5.326718185096979,2.0508958959686145,2.046360814253795,2.052367405775965,False,repeatable_improvement,False
decode,ma_gpu_unfolded,8,2048,completed,completed,11.023253900930285,5.9140481520444155,1.8639100693016304,1.854339630524486,1.8660668102274347,False,,False
prefill,ma_offload,1,2048,completed,completed,43.85635033249855,44.11943876184523,0.9940369044409921,0.9918810069636883,0.9987108489275259,True,,True
prefill,ma_gpu,1,2048,completed,completed,29.086626414209604,29.0718839969486,1.0005071022319212,0.9989537033263681,1.0046917313938573,False,,False
prefill,ma_gpu_unfolded,1,2048,completed,completed,29.16149483062327,29.10918891429901,1.0017968867658338,0.9992918574836864,1.0045986766481867,False,,False
decode,ma_offload,1,2048,completed,completed,4.620977491140366,4.635521210730076,0.9968625492304846,0.9908325258224749,1.0361238148046354,False,within_noise,False
decode,ma_gpu,1,2048,completed,completed,4.513850528746843,4.548915661871433,0.992291540285413,0.9885558589286433,0.9965161289173005,True,within_noise,False
decode,ma_gpu_unfolded,1,2048,completed,completed,5.472657503560185,5.462844949215651,1.0017962351916914,0.9866768907769805,1.0206245426290892,False,,False
prefill,ma_offload,4,2048,completed,completed,109.4123309943825,109.22239357605577,1.0017389970326414,0.9811336993161672,1.0039138420140754,False,,False
prefill,ma_gpu,4,2048,completed,completed,106.49092881940305,106.45603965967894,1.0003277330232803,0.9998634686047564,1.0006699051813632,False,,False
prefill,ma_gpu_unfolded,4,2048,completed,completed,106.64690523408353,106.62833307869732,1.00017417655186,0.9998156736513792,1.0003512745224543,False,,False
decode,ma_offload,4,2048,completed,completed,7.310642674565315,5.046204151585698,1.4487409654775956,1.4375060258670036,1.453438654090144,False,,False
decode,ma_gpu,4,2048,completed,completed,7.1982610039412975,4.888266138732433,1.4725591446229775,1.4673211117046132,1.4810151480463578,False,,False
decode,ma_gpu_unfolded,4,2048,completed,completed,7.279354380443692,5.703342938795686,1.2763311725352422,1.2751586417732956,1.294526960465513,False,,False
prefill,ma_offload,16,2048,completed,completed,419.57179927267134,418.9168601296842,1.0015634107989455,0.9959907882216898,1.0044680954992051,False,,False
prefill,ma_gpu,16,2048,completed,completed,418.70686216279864,418.01803302951157,1.001647845496748,0.9970418465804194,1.0077405056613191,False,,False
prefill,ma_gpu_unfolded,16,2048,completed,completed,423.11860895715654,423.41953865252435,0.9992892871776171,0.9943069462649968,1.0038492875515364,False,,False
decode,ma_offload,16,2048,completed,completed,20.297406055033207,8.66398406215012,2.342733540301094,2.3421736585259314,2.3463653932299984,False,,False
decode,ma_gpu,16,2048,completed,completed,20.294328592717648,8.638194622471929,2.3493715388077434,2.347197465164624,2.354380245179664,False,,False
decode,ma_gpu_unfolded,16,2048,completed,completed,20.347260823473334,8.71011856943369,2.3360486612521814,2.3338039107175383,2.3423120526497136,False,,False
prefill,ma_offload,8,512,completed,completed,80.54013061337173,81.9494831841439,0.9828021786591955,0.9768243209786656,0.9873120569905595,True,,True
prefill,ma_gpu,8,512,completed,completed,52.127073938027024,52.34621949493885,0.9958135361249342,0.9928274326642279,0.999822501729502,True,,True
prefill,ma_gpu_unfolded,8,512,completed,completed,52.552364161238074,52.558311028406024,0.9998868520115737,0.9992793705725163,1.0001419492278856,False,,False
decode,ma_offload,8,512,completed,completed,5.822700168937445,4.936803039163351,1.1794475337067991,1.176763911605771,1.18814488272562,False,,False
decode,ma_gpu,8,512,completed,completed,5.590492486953735,4.8698855098336935,1.1479720571797694,1.1402727277944775,1.1553265481147519,False,,False
decode,ma_gpu_unfolded,8,512,completed,completed,5.699506308883429,5.803047260269523,0.9821574861030367,0.9757621745443904,0.9920513997476784,True,,True
prefill,ma_offload,8,4096,completed,completed,447.70313766784966,448.60011390410364,0.9980004993122991,0.9950225106199688,1.0040688879345914,False,,False
prefill,ma_gpu,8,4096,completed,completed,447.91485383175313,447.2272398881614,1.0015375046112212,0.9964681880573466,1.007424464329753,False,,False
prefill,ma_gpu_unfolded,8,4096,completed,completed,452.39317496307194,452.70691849291325,0.999306961044718,0.9941421191711896,1.0041455890961755,False,,False
decode,ma_offload,8,4096,completed,completed,19.02698166668415,7.419194746762514,2.56456156174993,2.5588335222481238,2.5658344961224833,False,,False
decode,ma_gpu,8,4096,completed,completed,18.961270758882165,7.312039425596595,2.593157620636749,2.590732149733905,2.593529536205672,False,,False
decode,ma_gpu_unfolded,8,4096,completed,completed,19.030801206827164,7.40169663913548,2.5711403931639607,2.5692820756740815,2.5783944120134126,False,,False
prefill,ma_offload,8,8192,completed,completed,1005.1116902381182,1014.4191114231944,0.9908248759509092,0.9835215736044732,1.000380192507537,False,,False
prefill,ma_gpu,8,8192,completed,completed,1015.0229173712432,1013.9910414814949,1.0010176380732523,0.9942765869696327,1.0089547151376168,False,,False
prefill,ma_gpu_unfolded,8,8192,completed,completed,1024.0747664589435,1023.975964775309,1.0000964882839376,0.9932777457817324,1.0067728066303299,False,,False
decode,ma_offload,8,8192,completed,completed,34.789073932915926,11.243305588141084,3.094203360407621,3.092967576155535,3.0975575260313666,False,,False
decode,ma_gpu,8,8192,completed,completed,34.64949359185994,11.146910255774856,3.1084392712239834,3.1051570383493696,3.1119785416140813,False,,False
decode,ma_gpu_unfolded,8,8192,completed,completed,34.73264882341027,11.247588787227869,3.088008414999197,3.0866431622254757,3.0896229515016795,False,,False
generation,ma_offload,1,2048,completed,completed,648.5386569052935,640.7293277792633,1.0121881874099583,1.0053874624999084,1.0179599296646578,False,,False
generation,ma_gpu,1,2048,completed,completed,595.4682639800012,596.5866265818477,0.9981253978013988,0.9965062498424675,1.0021768319233904,False,,False
generation,ma_gpu_unfolded,1,2048,completed,completed,697.1077815629542,697.517706360668,0.9994123091156315,0.9965177577866593,1.0052844495754223,False,,False
generation,ma_offload,8,2048,completed,completed,1375.8603842929006,940.0787037797272,1.4635587198827587,1.4604399312013099,1.4885998172279502,False,,False
generation,ma_gpu,8,2048,completed,completed,1349.589577037841,887.1231764554977,1.5213102451343101,1.520062665277377,1.5233453920869975,False,,False
generation,ma_gpu_unfolded,8,2048,completed,completed,1357.308685965836,922.7987311780453,1.47086102321911,1.4699007434035885,1.4736507262972713,False,,False
