batch,candidate_absolute_gap_ms,candidate_gpu_memory_saving_bytes,candidate_gpu_ms,candidate_gpu_sample_sd_ms,candidate_offload_ms,candidate_offload_sample_sd_ms,candidate_relative_overhead,gap_reduction_ms,length,mode,offload_reduction_ms,offload_speedup,reference,reference_absolute_gap_ms,reference_gpu_ms,reference_gpu_sample_sd_ms,reference_offload_ms,reference_offload_sample_sd_ms,reference_relative_overhead,status
1,0.7399854250252247,3137241088,28.67124518379569,0.04939628343301949,29.411230608820915,0.14169696053871902,0.025809322904589038,14.049686957150698,2048,prefill,14.191654231399298,1.4825250061839639,profile/results/optimization/offload-gap-001/A0000/R01-summary.json,14.789672382175922,28.81321245804429,0.02003708659326404,43.60288484022021,0.1335433115404926,0.5132948088905938,screening_only
1,0.953314732760191,3137245184,4.582807421684265,0.08891843256069902,5.536122154444456,0.3548524925981378,0.20801981079314702,-0.8995285257697105,2048,decode,-0.8557136170566082,0.8454308642070637,profile/results/optimization/offload-gap-001/A0000/R01-summary.json,0.05378620699048042,4.6266223303973675,0.043872857980931775,4.680408537387848,0.03625942888342132,0.011625372280140489,screening_only
8,3.5168430767953396,2901671936,206.47988999262452,0.028237596323038152,209.99673306941986,0.2679079163717672,0.01703237577722927,0.09030010551214218,2048,prefill,-0.8348694071173668,0.9960243695465425,profile/results/optimization/offload-gap-001/A0000/R01-summary.json,3.6071431823074818,205.554720479995,0.17850011109628638,209.1618636623025,0.45023637244545023,0.01754833542077927,screening_only
8,0.13217944651842117,2901704704,10.918623302131891,0.02380423090159126,11.050802748650312,0.021249816343031337,0.012105871121372402,-0.04022344946861267,2048,decode,-0.029036402702331543,0.997372462131235,profile/results/optimization/offload-gap-001/A0000/R01-summary.json,0.0919559970498085,10.929810348898172,0.031551291155419506,11.02176634594798,0.0211247494037617,0.008413320461601481,screening_only
16,3.695949260145426,2632450048,415.1737869717181,0.1275011215773328,418.8697362318635,0.040201695598400145,0.008902173923608592,-0.8928471244871616,2048,prefill,-1.248026266694069,0.9970204907188539,profile/results/optimization/offload-gap-001/A0000/R01-summary.json,2.803102135658264,414.81860782951117,0.36762971336002365,417.62170996516943,0.19176948563385904,0.006757416573777153,screening_only
16,0.061631761491298676,2632515584,20.269043557345867,0.023738321675272733,20.330675318837166,0.035707232101858895,0.003040684249206338,0.006416719406843185,2048,decode,-0.010500755161046982,0.9994835019006321,profile/results/optimization/offload-gap-001/A0000/R01-summary.json,0.06804848089814186,20.252126082777977,0.03674788783540141,20.32017456367612,0.05861929125219946,0.003360066030598574,screening_only
1,0.7399854250252247,3137241088,28.67124518379569,0.04939628343301949,29.411230608820915,0.14169696053871902,0.025809322904589038,-0.03356272354722023,2048,prefill,-0.03313664346933365,0.9988733336625706,profile/results/optimization/offload-gap-001/A0001/R01-summary.json,0.7064227014780045,28.671671263873577,0.03591240838804688,29.37809396535158,0.43202527240237043,0.024638351039135253,screening_only
1,0.953314732760191,3137245184,4.582807421684265,0.08891843256069902,5.536122154444456,0.3548524925981378,0.20801981079314702,-0.9523768909275532,2048,decode,-0.9155429899692535,0.834623773748517,profile/results/optimization/offload-gap-001/A0001/R01-summary.json,0.0009378418326377869,4.619641322642565,0.05319831083288065,4.620579164475203,0.06799069901388392,0.00020301182865445355,screening_only
8,3.5168430767953396,2901671936,206.47988999262452,0.028237596323038152,209.99673306941986,0.2679079163717672,0.01703237577722927,0.13942541554570198,2048,prefill,-0.5340250208973885,0.9974569841487922,profile/results/optimization/offload-gap-001/A0001/R01-summary.json,3.6562684923410416,205.80643955618143,0.021741271750687956,209.46270804852247,0.7164509828592313,0.017765568950251165,screening_only
8,0.13217944651842117,2901704704,10.918623302131891,0.02380423090159126,11.050802748650312,0.021249816343031337,0.012105871121372402,-0.009177718311548233,2048,decode,-0.02159038558602333,0.9980462608846529,profile/results/optimization/offload-gap-001/A0001/R01-summary.json,0.12300172820687294,10.906210634857416,0.02941290023444891,11.029212363064289,0.026242426020020155,0.011278136130412397,screening_only
16,3.695949260145426,2632450048,415.1737869717181,0.1275011215773328,418.8697362318635,0.040201695598400145,0.008902173923608592,-1.066588331013918,2048,prefill,-1.3154971413314342,0.9968594123004312,profile/results/optimization/offload-gap-001/A0001/R01-summary.json,2.629360929131508,414.92487816140056,0.15435929490577216,417.55423909053206,0.07291126494667005,0.00633695656134825,screening_only
16,0.061631761491298676,2632515584,20.269043557345867,0.023738321675272733,20.330675318837166,0.035707232101858895,0.003040684249206338,-0.03651333972811699,2048,decode,-0.042283348739147186,0.9979202191724557,profile/results/optimization/offload-gap-001/A0001/R01-summary.json,0.025118421763181686,20.263273548334837,0.025699792659162005,20.28839197009802,0.02262908184452535,0.0012396033495409853,screening_only
