mode,batch,length,gpu_ms,offload_ms,gap_ms,gap_lower_95_ms,gap_upper_95_ms,relative_overhead,relative_overhead_lower_95,relative_overhead_upper_95,tolerance_at_mean_gpu_ms,residual_ms,residual_lower_95_ms,residual_upper_95_ms,residual_upper_simultaneous_95_ms,diagnostic_bound_within_target,independent_blocks,source_manifest
prefill,1,2048,29.07256258962055,29.34287356523176,0.27031097561121104,0.23037953898439079,0.3102424122380313,0.009298053364708162,0.007909510397308816,0.010686596332107508,0.2907256258962055,-0.020414650284994434,-0.06082837411189439,0.019999073541905523,0.09783758387292135,False,3,/home/molly/workspace-memory-attn/memory-attention/profile/results/optimization/offload-gap-001/A0023/R02-parent-confirmation/manifest.json
prefill,4,2048,106.20126540048255,109.49899577535689,3.2977303748743387,2.7078791543916894,3.887581595356988,0.031045603816268086,0.025815060842313827,0.03627614679022234,1.0620126540048256,2.235717720869513,1.6573560177113147,2.8140794240277116,3.9280280816462945,False,3,/home/molly/workspace-memory-attn/memory-attention/profile/results/optimization/offload-gap-001/A0023/R02-parent-confirmation/manifest.json
prefill,8,512,52.13653694631325,55.11204703297052,2.9755100866572732,2.3610300908794883,3.589990082435058,0.05706470665433098,0.045576089199116786,0.06855332410954518,0.5213653694631325,2.454144717194141,1.8426530538271748,3.0656363805611067,4.24339471731299,False,3,/home/molly/workspace-memory-attn/memory-attention/profile/results/optimization/offload-gap-001/A0023/R02-parent-confirmation/manifest.json
prefill,8,2048,206.62155780527328,209.70911868433984,3.087560879066577,2.0790393052820644,4.09608245285109,0.014945620395104461,0.009998202270607364,0.019893038519601558,2.066215578052733,1.0213453010138442,0.002973342816228408,2.03971725921146,4.001143940120771,False,3,/home/molly/workspace-memory-attn/memory-attention/profile/results/optimization/offload-gap-001/A0023/R02-parent-confirmation/manifest.json
prefill,8,4096,447.8034887721555,451.12444214626316,3.320953374107679,0.527506078688686,6.114400669526672,0.007420286336262831,0.0011451597228118084,0.013695412949713853,4.478034887721555,-1.1570815136138763,-3.9782111401000373,1.6640481128722844,7.0976609251173635,False,3,/home/molly/workspace-memory-attn/memory-attention/profile/results/optimization/offload-gap-001/A0023/R03-remaining-confirmation/manifest.json
prefill,8,8192,1011.8840649413565,1017.8691682819691,5.98510334061253,-4.343796933082607,16.314003614307666,0.005920389588957316,-0.004305083833350084,0.016145863011264715,10.118840649413565,-4.133737308801035,-14.513733491118874,6.246258873516802,26.23856256554777,False,3,/home/molly/workspace-memory-attn/memory-attention/profile/results/optimization/offload-gap-001/A0023/R03-remaining-confirmation/manifest.json
prefill,16,2048,418.3948037266317,421.7339489143342,3.3391451877024374,0.28339412017385834,6.394896255231016,0.007985891654753127,0.000641353074142691,0.015330430235363563,4.183948037266317,-0.8448028495638799,-3.927144696535687,2.2375389974079276,8.174257393537015,False,3,/home/molly/workspace-memory-attn/memory-attention/profile/results/optimization/offload-gap-001/A0023/R03-remaining-confirmation/manifest.json
decode,1,2048,4.622587401212917,4.603107863416274,-0.019479537796642948,-0.12079201459061163,0.08183293899732573,-0.004215782058654323,-0.026132326133070115,0.01770076201576147,0.1,-0.11947953779664296,-0.22079201459061165,-0.018167061002674276,0.1769649764548364,False,3,/home/molly/workspace-memory-attn/memory-attention/profile/results/optimization/offload-gap-001/A0023/R02-parent-confirmation/manifest.json
decode,4,2048,7.217656593355867,7.27250751418372,0.054850920827852256,0.0413982273926522,0.06830361426305231,0.007599818787933514,0.005725943367998773,0.009473694207868255,0.1,-0.04514907917214775,-0.05860177260734781,-0.03169638573694769,-0.005785939537510394,True,3,/home/molly/workspace-memory-attn/memory-attention/profile/results/optimization/offload-gap-001/A0023/R03-remaining-confirmation/manifest.json
decode,8,512,5.607355510195096,5.616678240605527,0.009322730410430266,-0.0024234518575359607,0.021068912678396494,0.0016630968512770423,-0.0004342265070480147,0.003760420209602099,0.1,-0.09067726958956975,-0.10242345185753597,-0.07893108732160352,-0.05630745249569051,True,3,/home/molly/workspace-memory-attn/memory-attention/profile/results/optimization/offload-gap-001/A0023/R03-remaining-confirmation/manifest.json
decode,8,2048,10.92267060238454,10.937933970449699,0.015263368065157934,0.008375160963123417,0.02215157516719245,0.0013973536375587365,0.0007675977308942932,0.00202710954422318,0.1092267060238454,-0.09396333795868748,-0.10077314064632285,-0.08715353527105212,-0.07403757250741126,True,3,/home/molly/workspace-memory-attn/memory-attention/profile/results/optimization/offload-gap-001/A0023/R02-parent-confirmation/manifest.json
decode,8,4096,18.95818709809747,18.960125532208217,0.0019384341107470486,-0.042856124301557066,0.04673299252305116,0.0001024638955673766,-0.0022598660105854628,0.0024647938017202157,0.18958187098097468,-0.18764343687022764,-0.23259860990646036,-0.1426882638339949,-0.05610273373532437,True,3,/home/molly/workspace-memory-attn/memory-attention/profile/results/optimization/offload-gap-001/A0023/R03-remaining-confirmation/manifest.json
decode,8,8192,34.649783347008956,34.65441979157428,0.004636444565321085,-0.028937750028697716,0.038210639159339886,0.00013391673937812598,-0.000835312691797312,0.001103146170553564,0.34649783347008956,-0.34186138890476847,-0.37579300340727395,-0.307929774402263,-0.24257607580932833,True,3,/home/molly/workspace-memory-attn/memory-attention/profile/results/optimization/offload-gap-001/A0023/R03-remaining-confirmation/manifest.json
decode,16,2048,20.251702625925343,20.158264754960936,-0.09343787096440792,-0.1259273732708434,-0.060948368657972436,-0.004613766847400262,-0.0062162224317966665,-0.0030113112630038574,0.20251702625925344,-0.29595489722366136,-0.3285161015480519,-0.26339369289927084,-0.20067946121772057,True,3,/home/molly/workspace-memory-attn/memory-attention/profile/results/optimization/offload-gap-001/A0023/R02-parent-confirmation/manifest.json
generation,1,2048,592.8716121551892,601.0257928839161,8.154180728726942,1.8251589132944384,14.483202544159447,0.013774083993963663,0.0028151840395292532,0.024732983948398072,5.928716121551892,2.225464607175051,-4.205109151662008,8.656038366012108,21.041590464738206,False,3,/home/molly/workspace-memory-attn/memory-attention/profile/results/optimization/offload-gap-001/A0023/R02-parent-confirmation/manifest.json
generation,8,2048,1350.2101901090807,1344.5928066141075,-5.617383494973183,-6.79629193868921,-4.438475051257155,-0.004160481894219433,-0.00503805126256255,-0.003282912525876315,13.502101901090807,-19.11948539606399,-20.283481599004897,-17.955489193123082,-15.713584169573336,True,3,/home/molly/workspace-memory-attn/memory-attention/profile/results/optimization/offload-gap-001/A0023/R02-parent-confirmation/manifest.json
