accepted_step,label,attempt,mode,batch,length,metric,mean,lower_95,upper_95,process_values
0,baseline,A0000,prefill,1,2048,latency,43.57269729177157,43.18540489997531,43.95998968356783,"[43.39739331044257, 43.695819253722824, 43.62487931114932]"
0,baseline,A0000,prefill,1,2048,speedup,1.0,1.0,1.0,"[1.0, 1.0, 1.0]"
0,baseline,A0000,prefill,1,2048,absolute-gap,14.490119859369264,14.227662719077056,14.752576999661471,"[14.370462965841096, 14.570546196773645, 14.529350415493052]"
0,baseline,A0000,prefill,1,2048,relative-overhead,49.823738552184,49.13386761792019,50.513609486447805,"[49.50734643738781, 50.027157404785825, 49.936711814378356]"
0,baseline,A0000,decode,1,2048,latency,4.6131766142530575,4.591381451749521,4.634971776756594,"[4.6040742347637815, 4.613875737413764, 4.621579870581627]"
0,baseline,A0000,decode,1,2048,speedup,1.0,1.0,1.0,"[1.0, 1.0, 1.0]"
0,baseline,A0000,decode,1,2048,absolute-gap,-0.010968330833646789,-0.15999021493191984,0.13805355326462626,"[0.012472194309036233, 0.0337616695712013, -0.0791388563811779]"
0,baseline,A0000,decode,1,2048,relative-overhead,-0.22492714922255352,-3.4157195380710546,2.9658652396259475,"[0.2716305594245405, 0.7371359986041659, -1.683548005696367]"
0,baseline,A0000,prefill,8,2048,latency,210.09961004989842,209.1244346351712,211.07478546462562,"[210.20707592057684, 209.66450800187886, 210.42724622723958]"
0,baseline,A0000,prefill,8,2048,speedup,1.0,1.0,1.0,"[1.0, 1.0, 1.0]"
0,baseline,A0000,prefill,8,2048,absolute-gap,3.333055150384704,1.168176141082351,5.497934159687057,"[3.782106920455874, 2.328629496817797, 3.888429033880442]"
0,baseline,A0000,prefill,8,2048,relative-overhead,1.6126588304258875,0.5576358943216952,2.66768176653008,"[1.832194496031958, 1.1231194106913645, 1.8826625845543399]"
0,baseline,A0000,decode,8,2048,latency,11.088157874635524,10.974258119147887,11.20205763012316,"[11.068163936336836, 11.140610463917255, 11.055699223652482]"
0,baseline,A0000,decode,8,2048,speedup,1.0,1.0,1.0,"[1.0, 1.0, 1.0]"
0,baseline,A0000,decode,8,2048,absolute-gap,0.15404186625447558,0.023326452769495326,0.28475727973945586,"[0.12710498025020023, 0.21467672971387763, 0.12034388879934887]"
0,baseline,A0000,decode,8,2048,relative-overhead,1.4090212991994422,0.21086602853287628,2.607176569866008,"[1.1617246626707045, 1.9648364609959001, 1.100502773931722]"
1,+pipeline above 1024 tokens,A0001,prefill,1,2048,latency,29.77397300096022,29.65839215085236,29.889553851068076,"[29.721459637706477, 29.810056850935023, 29.79040251423915]"
1,+pipeline above 1024 tokens,A0001,prefill,1,2048,speedup,1.463446136742048,1.45611292012808,1.4707793533560158,"[1.4601366769815691, 1.4658079812535567, 1.4643937519910177]"
1,+pipeline above 1024 tokens,A0001,prefill,1,2048,absolute-gap,0.7062625916053852,0.6778245868596455,0.7347005963511248,"[0.7159387071927377, 0.6936250099291428, 0.709224057694275]"
1,+pipeline above 1024 tokens,A0001,prefill,1,2048,relative-overhead,2.429767874865233,2.321160360245739,2.5383753894847274,"[2.4682842583929387, 2.3822459211924496, 2.4387734450103116]"
1,+pipeline above 1024 tokens,A0001,decode,1,2048,latency,4.7908320971247225,4.325751911030213,5.2559122832192315,"[4.7207339977224665, 4.6487766318023205, 5.0029856618493795]"
1,+pipeline above 1024 tokens,A0001,decode,1,2048,speedup,0.9638482040462779,0.875006472937543,1.052689935155013,"[0.9752877914716297, 0.9924924561550669, 0.9237643645121373]"
1,+pipeline above 1024 tokens,A0001,decode,1,2048,absolute-gap,0.16067661862406446,-0.32061784560862167,0.6419710828567506,"[0.03449314584334662, 0.06378012088437846, 0.3837565891444683]"
1,+pipeline above 1024 tokens,A0001,decode,1,2048,relative-overhead,3.4783063224618584,-6.943327827654571,13.899940472578287,"[0.7360514948674846, 1.3910614922498343, 8.307805980268256]"
1,+pipeline above 1024 tokens,A0001,prefill,8,2048,latency,209.69514791439806,209.38865401899213,210.001641809804,"[209.56034165186188, 209.72263643828532, 209.80246565304697]"
1,+pipeline above 1024 tokens,A0001,prefill,8,2048,speedup,1.001928975599585,0.997180937980792,1.006677013218378,"[1.0030861481882358, 0.9997228318440314, 1.0029779467664877]"
1,+pipeline above 1024 tokens,A0001,prefill,8,2048,absolute-gap,3.1967179073641794,2.514917517792423,3.878518296935936,"[2.8849159522603145, 3.3034882352997954, 3.401749534532428]"
1,+pipeline above 1024 tokens,A0001,prefill,8,2048,relative-overhead,1.5481251448312399,1.2152440795835597,1.88100621007892,"[1.3958679134177698, 1.6003787749629073, 1.6481287461130423]"
1,+pipeline above 1024 tokens,A0001,decode,8,2048,latency,11.01311211888161,10.985799774262786,11.040424463500434,"[11.004542217900356, 11.009285288552443, 11.02550885019203]"
1,+pipeline above 1024 tokens,A0001,decode,8,2048,speedup,1.0068160726495912,0.9951860220341101,1.0184461232650721,"[1.0057814052758134, 1.0119285831843567, 1.0027382294886031]"
1,+pipeline above 1024 tokens,A0001,decode,8,2048,absolute-gap,0.09122175268000987,0.05622157733775276,0.12622192802226698,"[0.07503046654164791, 0.09794089322288713, 0.10069389827549458]"
1,+pipeline above 1024 tokens,A0001,decode,8,2048,relative-overhead,0.8352664050488586,0.5138129601040113,1.156719849993706,"[0.6864942208632652, 0.8976061031013671, 0.9216988911819435]"
