batch,candidate_sha,cpu_parameter_mib,cpu_table_bytes,cpu_table_bytes_max,cpu_table_bytes_min,estimator,gpu_allocated_bytes,gpu_allocated_bytes_max,gpu_allocated_bytes_min,gpu_parameter_mib,gpu_peak_allocated_bytes,gpu_peak_allocated_bytes_max,gpu_peak_allocated_bytes_min,gpu_peak_reserved_bytes,gpu_peak_reserved_bytes_max,gpu_peak_reserved_bytes_min,gpu_reserved_bytes,gpu_reserved_bytes_max,gpu_reserved_bytes_min,host_process_high_water_bytes,host_process_high_water_bytes_max,host_process_high_water_bytes_min,host_rss_bytes,host_rss_bytes_max,host_rss_bytes_min,implementation,independent_processes,kv_cache_storage_bytes,kv_cache_storage_bytes_max,kv_cache_storage_bytes_min,latency_high_ms,latency_low_ms,latency_ms,length,measurement_plan_id,mode,offload_gpu_buffer_bytes,offload_gpu_buffer_bytes_max,offload_gpu_buffer_bytes_min,offload_pinned_bytes,offload_pinned_bytes_max,offload_pinned_bytes_min,original_stages,process_mean_ms,protocol_version,raw_sample_count,raw_table_snapshot_bytes,raw_table_snapshot_bytes_max,raw_table_snapshot_bytes_min,source_results,status,throughput_high,throughput_low,tokens_per_second,uncertainty_kind,variant
1,62942a0387608fe21baaeb2dce9ef3b0947dde4d,3000.0,3145728000,3145728000,3145728000,mean of process means; each process mean averages all raw samples,3174337024,3174337024,3174337024,2410.1943359375,3259863040,3259863040,3259863040,6194987008,6194987008,6194987008,6194987008,6194987008,6194987008,12892486314.666666,12893536256,12891566080,11896680448,11897155584,11896410112,baseline,3,427819008,427819008,427819008,670.6964105685838,642.4395188578014,656.5679647131926,2048,generation_v1_w2_n5_r3,generation,201424896,201424896,201424896,201424896,201424896,201424896,"[""generation_validation"", ""generation_validation"", ""generation_validation""]","[650.5476284772158, 661.8505588111778, 657.3057068511844]",offload_gap_v1,45,3145728000,3145728000,3145728000,"[""/home/molly/workspace-memory-attn/memory-attention/profile/results/optimization/offload-gap-001/A0001/R05-generation-validation/B1-J001-baseline-generation-ma_offload-b1-l2048.json"", ""/home/molly/workspace-memory-attn/memory-attention/profile/results/optimization/offload-gap-001/A0001/R07-generation-regression/B2-J008-baseline-generation-ma_offload-b1-l2048.json"", ""/home/molly/workspace-memory-attn/memory-attention/profile/results/optimization/offload-gap-001/A0001/R07-generation-regression/B3-J009-baseline-generation-ma_offload-b1-l2048.json""]",reused,3387.089268525586,3244.388915329505,3314.2037335777386,95% Student-t interval over 3 independent process means (df=2),ma_offload
1,942a2a52d94cf6dbe6e753f7ac291daf8b0699fb,3000.0,3145728000,3145728000,3145728000,mean of process means; each process mean averages all raw samples,3006171648,3006171648,3006171648,2410.1943359375,3092090880,3092090880,3092090880,5993660416,5993660416,5993660416,5993660416,5993660416,5993660416,12892819456,12893597696,12891525120,11662766080,11663036416,11662503936,candidate,3,427819008,427819008,427819008,732.2215131528592,594.8209225362457,663.5212178445524,2048,generation_v1_w2_n5_r3,generation,33652736,33652736,33652736,33652736,33652736,33652736,"[""generation_validation"", ""generation_validation"", ""generation_validation""]","[694.6352302717665, 641.7376267723739, 654.1907964895169]",offload_gap_v1,45,3145728000,3145728000,3145728000,"[""/home/molly/workspace-memory-attn/memory-attention/profile/results/optimization/offload-gap-001/A0001/R05-generation-validation/B1-J002-candidate-generation-ma_offload-b1-l2048.json"", ""/home/molly/workspace-memory-attn/memory-attention/profile/results/optimization/offload-gap-001/A0001/R07-generation-regression/B2-J007-candidate-generation-ma_offload-b1-l2048.json"", ""/home/molly/workspace-memory-attn/memory-attention/profile/results/optimization/offload-gap-001/A0001/R07-generation-regression/B3-J010-candidate-generation-ma_offload-b1-l2048.json""]",reused,3658.2438807327,2971.7782951096337,3279.4731223045624,95% Student-t interval over 3 independent process means (df=2),ma_offload
1,942a2a52d94cf6dbe6e753f7ac291daf8b0699fb,0,0,0,0,mean of process means; each process mean averages all raw samples,6143412736,6143412736,6143412736,5410.1943359375,6229331968,6229331968,6229331968,6673137664,6673137664,6673137664,6673137664,6673137664,6673137664,12892575061.333334,12893315072,12891516928,5332748970.666667,5332799488,5332688896,candidate,3,427819008,427819008,427819008,597.7701751387358,587.5815882785876,592.6758817086617,2048,generation_v1_w2_n5_r3,generation,0,0,0,0,0,0,"[""generation_validation"", ""generation_validation"", ""generation_validation""]","[590.62256552279, 594.7240138426423, 592.6810657605529]",offload_gap_v1,45,3145728000,3145728000,3145728000,"[""/home/molly/workspace-memory-attn/memory-attention/profile/results/optimization/offload-gap-001/A0001/R05-generation-validation/B1-J003-candidate-generation-ma_gpu-b1-l2048.json"", ""/home/molly/workspace-memory-attn/memory-attention/profile/results/optimization/offload-gap-001/A0001/R07-generation-regression/B2-J006-candidate-generation-ma_gpu-b1-l2048.json"", ""/home/molly/workspace-memory-attn/memory-attention/profile/results/optimization/offload-gap-001/A0001/R07-generation-regression/B3-J011-candidate-generation-ma_gpu-b1-l2048.json""]",reused,3703.315494236185,3640.1949955013642,3671.4839715202784,95% Student-t interval over 3 independent process means (df=2),ma_gpu
1,62942a0387608fe21baaeb2dce9ef3b0947dde4d,0,0,0,0,mean of process means; each process mean averages all raw samples,6143412736,6143412736,6143412736,5410.1943359375,6229331968,6229331968,6229331968,6673137664,6673137664,6673137664,6673137664,6673137664,6673137664,12892702037.333334,12893716480,12891791360,5332914176,5333024768,5332770816,baseline,3,427819008,427819008,427819008,618.6624225944088,572.5695045570726,595.6159635757407,2048,generation_v1_w2_n5_r3,generation,0,0,0,0,0,0,"[""generation_validation"", ""generation_validation"", ""generation_validation""]","[586.1452447560927, 596.0154079211255, 604.6872380500039]",offload_gap_v1,45,3145728000,3145728000,3145728000,"[""/home/molly/workspace-memory-attn/memory-attention/profile/results/optimization/offload-gap-001/A0001/R05-generation-validation/B1-J004-baseline-generation-ma_gpu-b1-l2048.json"", ""/home/molly/workspace-memory-attn/memory-attention/profile/results/optimization/offload-gap-001/A0001/R07-generation-regression/B2-J005-baseline-generation-ma_gpu-b1-l2048.json"", ""/home/molly/workspace-memory-attn/memory-attention/profile/results/optimization/offload-gap-001/A0001/R07-generation-regression/B3-J012-baseline-generation-ma_gpu-b1-l2048.json""]",reused,3800.4119721383113,3517.2655078593193,3653.36077786856,95% Student-t interval over 3 independent process means (df=2),ma_gpu
1,62942a0387608fe21baaeb2dce9ef3b0947dde4d,0,0,0,0,mean of process means; each process mean averages all raw samples,6143412736,6143412736,6143412736,5410.1943359375,6229331968,6229331968,6229331968,6568280064,6568280064,6568280064,6568280064,6568280064,6568280064,12890701824,12890701824,12890701824,5332484096,5332484096,5332484096,baseline,1,427819008,427819008,427819008,691.8506847694516,690.3305036947131,690.8396158056954,2048,generation_v1_w2_n5_r3,generation,0,0,0,0,0,0,"[""generation_validation""]",[690.8396158056954],offload_gap_v1,15,3145728000,3145728000,3145728000,"[""/home/molly/workspace-memory-attn/memory-attention/profile/results/optimization/offload-gap-001/A0001/R05-generation-validation/B1-J005-baseline-generation-ma_gpu_unfolded-b1-l2048.json""]",completed,3152.113354913111,3145.1873184531396,3149.7904147581753,descriptive round-mean range within one process; NOT a confidence interval,ma_gpu_unfolded
1,942a2a52d94cf6dbe6e753f7ac291daf8b0699fb,0,0,0,0,mean of process means; each process mean averages all raw samples,6143412736,6143412736,6143412736,5410.1943359375,6229331968,6229331968,6229331968,6568280064,6568280064,6568280064,6568280064,6568280064,6568280064,12890923008,12890923008,12890923008,5332844544,5332844544,5332844544,candidate,1,427819008,427819008,427819008,695.3893810510635,693.8809265382588,694.6160373277962,2048,generation_v1_w2_n5_r3,generation,0,0,0,0,0,0,"[""generation_validation""]",[694.6160373277962],offload_gap_v1,15,3145728000,3145728000,3145728000,"[""/home/molly/workspace-memory-attn/memory-attention/profile/results/optimization/offload-gap-001/A0001/R05-generation-validation/B1-J006-candidate-generation-ma_gpu_unfolded-b1-l2048.json""]",completed,3135.9847443220087,3129.1820946575726,3132.665937819578,descriptive round-mean range within one process; NOT a confidence interval,ma_gpu_unfolded
8,942a2a52d94cf6dbe6e753f7ac291daf8b0699fb,0,0,0,0,mean of process means; each process mean averages all raw samples,9138715648,9138715648,9138715648,5410.1943359375,9826069504,9826069504,9826069504,11446255616,11446255616,11446255616,11446255616,11446255616,11446255616,12892258304,12892258304,12892258304,5339684864,5339684864,5339684864,candidate,1,3422552064,3422552064,3422552064,1357.071711216122,1355.9223256073892,1356.4840017817914,2048,generation_v1_w2_n5_r3,generation,0,0,0,0,0,0,"[""generation_validation""]",[1356.4840017817914],offload_gap_v1,15,3145728000,3145728000,3145728000,"[""/home/molly/workspace-memory-attn/memory-attention/profile/results/optimization/offload-gap-001/A0001/R05-generation-validation/B1-J007-candidate-generation-ma_gpu_unfolded-b8-l2048.json""]",completed,12838.493526686374,12827.619834769122,12833.1775215439,descriptive round-mean range within one process; NOT a confidence interval,ma_gpu_unfolded
8,62942a0387608fe21baaeb2dce9ef3b0947dde4d,0,0,0,0,mean of process means; each process mean averages all raw samples,9138715648,9138715648,9138715648,5410.1943359375,9826069504,9826069504,9826069504,11446255616,11446255616,11446255616,11446255616,11446255616,11446255616,12890849280,12890849280,12890849280,5339447296,5339447296,5339447296,baseline,1,3422552064,3422552064,3422552064,1358.2975351251662,1356.7151210270822,1357.4237395388384,2048,generation_v1_w2_n5_r3,generation,0,0,0,0,0,0,"[""generation_validation""]",[1357.4237395388384],offload_gap_v1,15,3145728000,3145728000,3145728000,"[""/home/molly/workspace-memory-attn/memory-attention/profile/results/optimization/offload-gap-001/A0001/R05-generation-validation/B1-J008-baseline-generation-ma_gpu_unfolded-b8-l2048.json""]",completed,12830.99136303686,12816.04328200144,12824.293176067535,descriptive round-mean range within one process; NOT a confidence interval,ma_gpu_unfolded
8,62942a0387608fe21baaeb2dce9ef3b0947dde4d,0,0,0,0,mean of process means; each process mean averages all raw samples,9138715648,9138715648,9138715648,5410.1943359375,9826069504,9826069504,9826069504,11446255616,11446255616,11446255616,11446255616,11446255616,11446255616,12891054080,12891054080,12891054080,5339430912,5339430912,5339430912,baseline,1,3422552064,3422552064,3422552064,1351.0885280556977,1349.551516585052,1350.3569860632222,2048,generation_v1_w2_n5_r3,generation,0,0,0,0,0,0,"[""generation_validation""]",[1350.3569860632222],offload_gap_v1,15,3145728000,3145728000,3145728000,"[""/home/molly/workspace-memory-attn/memory-attention/profile/results/optimization/offload-gap-001/A0001/R05-generation-validation/B1-J009-baseline-generation-ma_gpu-b8-l2048.json""]",completed,12899.100024021132,12884.425882181991,12891.405887231791,descriptive round-mean range within one process; NOT a confidence interval,ma_gpu
8,942a2a52d94cf6dbe6e753f7ac291daf8b0699fb,0,0,0,0,mean of process means; each process mean averages all raw samples,9138715648,9138715648,9138715648,5410.1943359375,9826069504,9826069504,9826069504,11446255616,11446255616,11446255616,11446255616,11446255616,11446255616,12891574272,12891574272,12891574272,5339463680,5339463680,5339463680,candidate,1,3422552064,3422552064,3422552064,1351.3087512925267,1349.9834217131138,1350.7775877602398,2048,generation_v1_w2_n5_r3,generation,0,0,0,0,0,0,"[""generation_validation""]",[1350.7775877602398],offload_gap_v1,15,3145728000,3145728000,3145728000,"[""/home/molly/workspace-memory-attn/memory-attention/profile/results/optimization/offload-gap-001/A0001/R05-generation-validation/B1-J010-candidate-generation-ma_gpu-b8-l2048.json""]",completed,12894.973167825605,12882.326103008842,12887.391793984876,descriptive round-mean range within one process; NOT a confidence interval,ma_gpu
8,942a2a52d94cf6dbe6e753f7ac291daf8b0699fb,3000.0,3145728000,3145728000,3145728000,mean of process means; each process mean averages all raw samples,6237043712,6237043712,6237043712,2410.1943359375,6924397568,6924397568,6924397568,9686745088,9686745088,9686745088,9686745088,9686745088,9686745088,12891082752,12891082752,12891082752,11904626688,11904626688,11904626688,candidate,1,3422552064,3422552064,3422552064,1378.1559133902192,1374.9363620765507,1376.5554941880207,2048,generation_v1_w2_n5_r3,generation,269221888,269221888,269221888,269221888,269221888,269221888,"[""generation_validation""]",[1376.5554941880207],offload_gap_v1,15,3145728000,3145728000,3145728000,"[""/home/molly/workspace-memory-attn/memory-attention/profile/results/optimization/offload-gap-001/A0001/R05-generation-validation/B1-J011-candidate-generation-ma_offload-b8-l2048.json""]",completed,12660.949612030696,12631.371988367326,12646.057549803567,descriptive round-mean range within one process; NOT a confidence interval,ma_offload
8,62942a0387608fe21baaeb2dce9ef3b0947dde4d,3000.0,3145728000,3145728000,3145728000,mean of process means; each process mean averages all raw samples,6237043712,6237043712,6237043712,2410.1943359375,6924397568,6924397568,6924397568,9686745088,9686745088,9686745088,9686745088,9686745088,9686745088,12890886144,12890886144,12890886144,11904884736,11904884736,11904884736,baseline,1,3422552064,3422552064,3422552064,1378.2156112603843,1372.9182986542583,1375.9446151554585,2048,generation_v1_w2_n5_r3,generation,269221888,269221888,269221888,269221888,269221888,269221888,"[""generation_validation""]",[1375.9446151554585],offload_gap_v1,15,3145728000,3145728000,3145728000,"[""/home/molly/workspace-memory-attn/memory-attention/profile/results/optimization/offload-gap-001/A0001/R05-generation-validation/B1-J012-baseline-generation-ma_offload-b8-l2048.json""]",completed,12679.560041601466,12630.824856264911,12651.672028261974,descriptive round-mean range within one process; NOT a confidence interval,ma_offload
