sweep_axes,batch_size,length,mode,variant,status,median_ms,min_ms,max_ms,spread_pct,tokens_per_second,speedup_vs_standard,gpu_parameter_mib,cpu_parameter_mib,offload_gpu_buffer_mib,offload_pinned_mib,wall_seconds,exit_code,log,result,error
batch,4,2048,prefill,ma_gpu,ok,110.15884508378804,109.89854766521603,110.8209295431152,0.836073945852382,74365.34028446898,1.0,5410.1943359375,0,0.0,0.0,28.31473550805822,0,/home/molly/workspace-memory-attn/memory-attention/profile/results/sweep_baseline/runs/bs4_len2048_prefill_ma_gpu.log,/home/molly/workspace-memory-attn/memory-attention/profile/results/sweep_baseline/runs/bs4_len2048_prefill_ma_gpu.json,
batch,4,2048,prefill,ma_offload,ok,113.27681550756097,113.21643888950348,114.13482706993818,0.8093657789602027,72318.41717384086,0.9724747697946645,2410.1943359375,3000.0,128.0,128.0,29.890749339945614,0,/home/molly/workspace-memory-attn/memory-attention/profile/results/sweep_baseline/runs/bs4_len2048_prefill_ma_offload.log,/home/molly/workspace-memory-attn/memory-attention/profile/results/sweep_baseline/runs/bs4_len2048_prefill_ma_offload.json,
batch,4,2048,decode,ma_gpu,ok,7.277373061515391,7.2737588081508875,7.285166718065739,0.15672603207979838,549.6488865127751,1.0,5410.1943359375,0,0.0,0.0,17.08412495488301,0,/home/molly/workspace-memory-attn/memory-attention/profile/results/sweep_baseline/runs/bs4_len2048_decode_ma_gpu.log,/home/molly/workspace-memory-attn/memory-attention/profile/results/sweep_baseline/runs/bs4_len2048_decode_ma_gpu.json,
batch,4,2048,decode,ma_offload,ok,7.370216492563486,7.36401358153671,7.378510548733175,0.19668082496105435,542.7248987917765,0.9874028895702354,2410.1943359375,3000.0,0.375,0.375,18.368274591863155,0,/home/molly/workspace-memory-attn/memory-attention/profile/results/sweep_baseline/runs/bs4_len2048_decode_ma_offload.log,/home/molly/workspace-memory-attn/memory-attention/profile/results/sweep_baseline/runs/bs4_len2048_decode_ma_offload.json,
batch,8,2048,prefill,ma_gpu,ok,217.24437633529305,215.3498016530648,217.59325182065368,1.034650554669256,75417.37225323191,1.0,5410.1943359375,0,0.0,0.0,39.978610896039754,0,/home/molly/workspace-memory-attn/memory-attention/profile/results/sweep_baseline/runs/bs8_len2048_prefill_ma_gpu.log,/home/molly/workspace-memory-attn/memory-attention/profile/results/sweep_baseline/runs/bs8_len2048_prefill_ma_gpu.json,
batch,8,2048,prefill,ma_offload,ok,220.54888650309294,219.28923146333545,221.33226345758885,0.9268599413776182,74287.38480513812,0.9850168811994725,2410.1943359375,3000.0,256.0,256.0,41.93474214617163,0,/home/molly/workspace-memory-attn/memory-attention/profile/results/sweep_baseline/runs/bs8_len2048_prefill_ma_offload.log,/home/molly/workspace-memory-attn/memory-attention/profile/results/sweep_baseline/runs/bs8_len2048_prefill_ma_offload.json,
batch,8,2048,decode,ma_gpu,ok,11.003629374317825,11.001051147468388,11.006342782638967,0.04808909243820623,727.0328477867298,1.0,5410.1943359375,0,0.0,0.0,17.572643185965717,0,/home/molly/workspace-memory-attn/memory-attention/profile/results/sweep_baseline/runs/bs8_len2048_decode_ma_gpu.log,/home/molly/workspace-memory-attn/memory-attention/profile/results/sweep_baseline/runs/bs8_len2048_decode_ma_gpu.json,
batch,8,2048,decode,ma_offload,ok,11.123764491640031,11.086101573891938,11.184361716732383,0.883267004208848,719.1809936296594,0.9892001383693,2410.1943359375,3000.0,0.75,0.75,19.107222638558596,0,/home/molly/workspace-memory-attn/memory-attention/profile/results/sweep_baseline/runs/bs8_len2048_decode_ma_offload.log,/home/molly/workspace-memory-attn/memory-attention/profile/results/sweep_baseline/runs/bs8_len2048_decode_ma_offload.json,
batch,16,2048,prefill,ma_gpu,ok,438.5245257522911,434.03684271033853,442.5187145592645,1.9345043288732873,74723.30069518079,1.0,5410.1943359375,0,0.0,0.0,64.3255583527498,0,/home/molly/workspace-memory-attn/memory-attention/profile/results/sweep_baseline/runs/bs16_len2048_prefill_ma_gpu.log,/home/molly/workspace-memory-attn/memory-attention/profile/results/sweep_baseline/runs/bs16_len2048_prefill_ma_gpu.json,
batch,16,2048,prefill,ma_offload,ok,446.0031500319019,441.94968077354133,448.2549703447148,1.4151835552909995,73470.33310786293,0.9832319025570203,2410.1943359375,3000.0,512.0,512.0,66.61827349336818,0,/home/molly/workspace-memory-attn/memory-attention/profile/results/sweep_baseline/runs/bs16_len2048_prefill_ma_offload.log,/home/molly/workspace-memory-attn/memory-attention/profile/results/sweep_baseline/runs/bs16_len2048_prefill_ma_offload.json,
batch,16,2048,decode,ma_gpu,ok,20.422592130489647,20.412038266658783,20.43793040793389,0.12677889367356793,783.4460923358013,1.0,5410.1943359375,0,0.0,0.0,18.9197443369776,0,/home/molly/workspace-memory-attn/memory-attention/profile/results/sweep_baseline/runs/bs16_len2048_decode_ma_gpu.log,/home/molly/workspace-memory-attn/memory-attention/profile/results/sweep_baseline/runs/bs16_len2048_decode_ma_gpu.json,
batch,16,2048,decode,ma_offload,ok,20.39404520764947,20.35691482014954,20.472935657016933,0.5685672074128514,784.542734758608,1.0013997675571236,2410.1943359375,3000.0,1.5,1.5,20.584050945937634,0,/home/molly/workspace-memory-attn/memory-attention/profile/results/sweep_baseline/runs/bs16_len2048_decode_ma_offload.log,/home/molly/workspace-memory-attn/memory-attention/profile/results/sweep_baseline/runs/bs16_len2048_decode_ma_offload.json,
