attempt,comparator,candidate_status,mode,batch,length,confirmed_local_gain,holm_adjusted_p,fixed_gain_family,memory_savings_preserved,resolved_offload_regression,resolved_gap_regression,resolved_resident_slowdown,source_analysis,source_manifest,offload_reduction_ms_mean,offload_reduction_ms_lower_95,offload_reduction_ms_upper_95,gap_reduction_ms_mean,gap_reduction_ms_lower_95,gap_reduction_ms_upper_95,gpu_reduction_ms_mean,gpu_reduction_ms_lower_95,gpu_reduction_ms_upper_95
A0021,A0016,rejected,decode,1,2048,False,1.0,9,True,False,True,False,A0021/R02-parent-confirmation/analysis.json,A0021/R02-parent-confirmation/manifest.json,-0.09551936657064501,-0.2504052793414396,0.05936654620014954,-0.12804436393909965,-0.23351087730939368,-0.02257785056880561,0.032524997368454635,-0.0704207541128598,0.1354707488497691
A0021,A0016,rejected,decode,8,512,False,1.0,9,True,False,False,False,A0021/R02-parent-confirmation/analysis.json,A0021/R02-parent-confirmation/manifest.json,0.01721811066899015,-0.02541716105836015,0.05985338239634045,0.014179039539561936,-0.02639299815263966,0.05475107723176353,0.0030390711294282133,-0.005970660311895689,0.012048802570752117
A0021,A0016,rejected,decode,8,2048,False,1.0,9,True,False,False,False,A0021/R02-parent-confirmation/analysis.json,A0021/R02-parent-confirmation/manifest.json,0.03139709329439574,-0.07319199072904711,0.13598617731783857,0.01698579225275232,-0.06711903681362406,0.1010906213191287,0.014411301041643418,-0.01549635060053472,0.04431895268382156
A0021,A0016,rejected,decode,8,4096,False,1.0,9,True,False,False,False,A0021/R02-parent-confirmation/analysis.json,A0021/R02-parent-confirmation/manifest.json,-0.01914035528898239,-0.050479067099916605,0.012198356521951823,-0.02387555626531442,-0.0934829450387104,0.04573183250808156,0.004735200976332028,-0.03628777840174726,0.04575818035441132
A0021,A0016,rejected,generation,1,2048,False,1.0,9,True,False,False,False,A0021/R02-parent-confirmation/analysis.json,A0021/R02-parent-confirmation/manifest.json,6.3026060143278455,-29.905424491221094,42.51063651987678,-0.21300561105215365,-39.891251546209325,39.46524032410502,6.515611625379999,1.8711957388770335,11.160027511882966
A0021,A0016,rejected,generation,8,2048,False,1.0,9,True,False,False,False,A0021/R02-parent-confirmation/analysis.json,A0021/R02-parent-confirmation/manifest.json,0.45057376846671104,-4.830857118806879,5.732004655740301,0.2017838569978115,-6.241629824516463,6.645197538512085,0.24878991146889953,-0.9343797085057893,1.4319595314435885
A0021,A0016,rejected,prefill,1,2048,False,1.0,9,True,False,False,False,A0021/R02-parent-confirmation/analysis.json,A0021/R02-parent-confirmation/manifest.json,-0.021699407241410285,-0.0678014503225495,0.024402635839728938,-0.022892089974547503,-0.07990165028371145,0.03411747033461644,0.001192682733137218,-0.010824339277126793,0.013209704743401229
A0021,A0016,rejected,prefill,8,512,True,0.028721527516224872,9,True,False,False,False,A0021/R02-parent-confirmation/analysis.json,A0021/R02-parent-confirmation/manifest.json,2.3145179885129132,1.5150868234422052,3.1139491535836212,2.3170763109293233,1.5899973154451281,3.0441553064135185,-0.002558322416409927,-0.26262770821400094,0.2575110633811811
A0021,A0016,rejected,prefill,8,2048,False,1.0,9,True,False,False,False,A0021/R02-parent-confirmation/analysis.json,A0021/R02-parent-confirmation/manifest.json,0.17435228348605847,-0.5861143899848391,0.934818956956956,0.21513194984031733,-0.28358285397518934,0.713846753655824,-0.04077966635425886,-0.4661812034269032,0.38462187071838555
A0022,A0016,rejected,decode,1,2048,False,1.0,9,True,False,False,False,A0022/R02-parent-confirmation/analysis.json,A0022/R02-parent-confirmation/manifest.json,-0.11863259909053585,-0.8512127602347079,0.6139475620536363,-0.1454513571742503,-0.6661834653481876,0.37528075099968705,0.026818758083714478,-0.20338982201129419,0.25702733817872314
A0022,A0016,rejected,decode,4,2048,False,1.0,9,True,False,False,False,A0022/R02-parent-confirmation/analysis.json,A0022/R02-parent-confirmation/manifest.json,0.014945714631014203,-0.11978713818253671,0.14967856744456512,0.019136650694740947,-0.11719660037519607,0.15546990176467795,-0.004190936063726743,-0.011679236740049663,0.0032973646125961775
A0022,A0016,rejected,decode,8,2048,False,0.15392210283286625,9,True,False,False,False,A0022/R02-parent-confirmation/analysis.json,A0022/R02-parent-confirmation/manifest.json,0.10624599332610767,0.015939390357295094,0.19655259629492022,0.10740526227487497,0.007331879944552908,0.20747864460519705,-0.0011592689487673151,-0.015771494988200064,0.013452957090665435
A0022,A0016,rejected,decode,16,2048,False,0.15392210283286625,9,True,False,False,False,A0022/R02-parent-confirmation/analysis.json,A0022/R02-parent-confirmation/manifest.json,0.15719205968909833,0.03173353586146993,0.28265058351672673,0.14880821108817935,0.01944615222894039,0.27817026994741834,0.008383848600918972,-0.0024405672202832997,0.019208264422121243
A0022,A0016,rejected,generation,1,2048,False,1.0,9,True,True,True,False,A0022/R02-parent-confirmation/analysis.json,A0022/R02-parent-confirmation/manifest.json,-15.610524422178665,-30.025738176596064,-1.195310667761266,-18.398471662981706,-28.650070846395238,-8.146872479568176,2.78794724080304,-6.972736493072496,12.548630974678577
A0022,A0016,rejected,generation,8,2048,True,0.0066121156054805355,9,True,False,False,False,A0022/R02-parent-confirmation/analysis.json,A0022/R02-parent-confirmation/manifest.json,30.530180254330315,25.489273808532978,35.57108670012765,30.293126135236815,25.88628537250363,34.69996689797,0.23705411909350005,-0.397694505884298,0.8718027440712981
A0022,A0016,rejected,prefill,1,2048,False,1.0,9,True,False,False,False,A0022/R02-parent-confirmation/analysis.json,A0022/R02-parent-confirmation/manifest.json,0.032409109796085765,-0.13842691037347613,0.20324512996564767,0.005537752682964007,-0.13631052576045807,0.14738603112638607,0.026871357113121757,-0.031183651273171225,0.08492636549941474
A0022,A0016,rejected,prefill,8,2048,False,1.0,9,True,False,False,False,A0022/R02-parent-confirmation/analysis.json,A0022/R02-parent-confirmation/manifest.json,0.23468904093735432,0.10674076470973767,0.36263731716497094,0.21729209563797744,-0.5593024556618136,0.9938866469377685,0.017396945299376892,-0.6312704004021925,0.6660642910009462
A0022,A0016,rejected,prefill,8,8192,False,1.0,9,True,False,False,False,A0022/R02-parent-confirmation/analysis.json,A0022/R02-parent-confirmation/manifest.json,-5.801218732570571,-19.981474463072505,8.379036997931362,-4.745635623112283,-33.47877815122799,23.987506905003425,-1.0555831094582875,-15.615432629426449,13.504266410509873
A0023,A0016,accepted,decode,1,2048,False,0.856898929527799,9,True,False,False,False,A0023/R02-parent-confirmation/analysis.json,A0023/R02-parent-confirmation/manifest.json,0.212631177985006,-0.5292110109023879,0.9544733668723998,0.24753007003002706,-0.5276522406523061,1.0227123807123601,-0.03489889204502106,-0.1063187044606637,0.03652092037062159
A0023,A0016,accepted,decode,8,2048,False,0.18866753691203952,9,True,False,False,False,A0023/R02-parent-confirmation/analysis.json,A0023/R02-parent-confirmation/manifest.json,0.10256185196340084,-0.013658288246902628,0.2187819921737043,0.10203078078726986,-0.011669224503253445,0.21573078607779317,0.0005310711761309742,-0.01014041932983948,0.011202561682101427
A0023,A0016,accepted,decode,16,2048,True,0.012813095196990656,9,True,False,False,False,A0023/R02-parent-confirmation/analysis.json,A0023/R02-parent-confirmation/manifest.json,0.10098335850569858,0.08131807905666587,0.12064863795473128,0.10590335975090544,0.07926971635851707,0.1325370031432938,-0.004920001245206862,-0.033916401100056726,0.024076398609643005
A0023,A0016,accepted,generation,1,2048,True,0.004945532120659279,9,True,False,False,False,A0023/R02-parent-confirmation/analysis.json,A0023/R02-parent-confirmation/manifest.json,27.98648891556593,24.247748266010756,31.7252295651211,25.82740350109009,22.140383456744395,29.514423545435783,2.1590854144758396,-1.780050984003136,6.098221812954815
A0023,A0016,accepted,generation,8,2048,True,0.012813095196990656,9,True,False,False,False,A0023/R02-parent-confirmation/analysis.json,A0023/R02-parent-confirmation/manifest.json,30.88808512936036,23.348114766783837,38.42805549193688,30.770212049699467,23.71205119312677,37.828372906272165,0.11787307966089126,-0.8293416336272825,1.065087792949065
A0023,A0016,accepted,prefill,1,2048,False,1.0,9,True,False,False,False,A0023/R02-parent-confirmation/analysis.json,A0023/R02-parent-confirmation/manifest.json,-0.03962385882106053,-0.2568355710673058,0.17758785342518477,-0.0094329627851657,-0.16742156922863036,0.14855564365829896,-0.030190896035894827,-0.12523350974756933,0.06485171767577969
A0023,A0016,accepted,prefill,4,2048,False,0.856898929527799,9,True,False,False,False,A0023/R02-parent-confirmation/analysis.json,A0023/R02-parent-confirmation/manifest.json,0.39293022515873116,-1.2156576890918407,2.001518139409303,0.43799154356950015,-0.9616851731399418,1.837668260278942,-0.045061318410769026,-0.2573930217939757,0.16727038497243768
A0023,A0016,accepted,prefill,8,512,False,1.0,9,True,False,False,False,A0023/R02-parent-confirmation/analysis.json,A0023/R02-parent-confirmation/manifest.json,-0.06986810929245262,-1.089244960688009,0.9495087421031038,-0.11553541343245399,-0.9706399653530356,0.7395691384881277,0.045667304140001384,-0.17094760407578527,0.262282212355788
A0023,A0016,accepted,prefill,8,2048,False,1.0,9,True,False,False,False,A0023/R02-parent-confirmation/analysis.json,A0023/R02-parent-confirmation/manifest.json,0.4030381070656972,-0.4973352456403869,1.3034114597717812,0.04266868345440381,-1.75925796171066,1.8445953286194678,0.36036942361129337,-1.1199590649274314,1.840697912150018
A0024,A0023,rejected,decode,1,2048,False,1.0,8,True,False,False,False,A0024/R02-parent-confirmation/analysis.json,A0024/R02-parent-confirmation/manifest.json,-0.03663028279940317,-0.3083795048720233,0.23511893927321698,0.016388022858235374,-0.3565288336665928,0.3893048793830636,-0.05301830565763854,-0.25261814645366715,0.14658153513839006
A0024,A0023,rejected,decode,8,2048,False,0.5162995588856583,8,True,False,False,False,A0024/R02-parent-confirmation/analysis.json,A0024/R02-parent-confirmation/manifest.json,0.009178639286094045,-0.007945420262123441,0.02630269883431153,0.01252052995065848,-0.010359385690248373,0.035400445591565334,-0.003341890664564436,-0.009120739883263236,0.0024369585541343633
A0024,A0023,rejected,generation,8,2048,False,1.0,8,True,False,False,False,A0024/R02-parent-confirmation/analysis.json,A0024/R02-parent-confirmation/manifest.json,-0.005430324624057903,-0.6562475288460922,0.6453868795979764,-0.48939058971086524,-1.4383749290587966,0.4595937496370661,0.48396026508680734,0.17981245889246744,0.7881080712811472
A0024,A0023,rejected,prefill,1,2048,False,1.0,8,True,True,False,False,A0024/R02-parent-confirmation/analysis.json,A0024/R02-parent-confirmation/manifest.json,-0.056656356900930405,-0.09266968927778044,-0.020643024524080365,-0.08343333481914428,-0.2470393595977081,0.08017268995941954,0.026776977918213873,-0.16662785551384496,0.2201818113502727
A0024,A0023,rejected,prefill,4,2048,False,1.0,8,True,False,False,False,A0024/R02-parent-confirmation/analysis.json,A0024/R02-parent-confirmation/manifest.json,0.055787572637205095,-1.245920464467293,1.357495609741703,0.02231648605731588,-1.2102102212823207,1.2548431933969526,0.03347108657988921,-0.14812060559204857,0.21506277875182697
A0024,A0023,rejected,prefill,8,512,True,0.010753392072163992,8,True,False,False,False,A0024/R02-parent-confirmation/analysis.json,A0024/R02-parent-confirmation/manifest.json,2.570448924476897,2.1558932520532488,2.9850045969005454,2.563226745567384,1.9902419567274512,3.136211534407317,0.007222178909512896,-0.32528446622386115,0.3397288240428869
A0024,A0023,rejected,prefill,8,2048,False,1.0,8,True,False,False,False,A0024/R02-parent-confirmation/analysis.json,A0024/R02-parent-confirmation/manifest.json,0.0919542637550137,-0.9370941446641745,1.121002672174202,-0.2225426284389395,-1.2507846191804917,0.8056993623026126,0.3144968921939532,-0.5481696574050618,1.1771634417929682
A0024,A0023,rejected,prefill,8,8192,False,1.0,8,True,False,False,False,A0024/R02-parent-confirmation/analysis.json,A0024/R02-parent-confirmation/manifest.json,-5.3768310644146595,-17.30977771504132,6.556115586212002,-5.428085553770226,-26.137821481372452,15.281650373831997,0.05125448935556657,-8.725843624700104,8.828352603411236
A0025,A0023,rejected,decode,1,2048,False,1.0,8,True,False,False,True,A0025/R02-parent-confirmation/analysis.json,A0025/R02-parent-confirmation/manifest.json,0.03203431972199026,-0.060240419330573274,0.12430905877455378,0.0787563259816834,0.014907547286123923,0.14260510467724288,-0.04672200625969314,-0.08220969226102834,-0.011234320258357938
A0025,A0023,rejected,decode,8,2048,False,1.0,8,True,False,False,False,A0025/R02-parent-confirmation/analysis.json,A0025/R02-parent-confirmation/manifest.json,-0.001296944295366013,-0.016647916281800335,0.014054027691068309,-0.014642895095877387,-0.06212854788427039,0.03284275769251562,0.013345950800511375,-0.018945445607110485,0.045637347208133235
A0025,A0023,rejected,generation,1,2048,False,1.0,8,True,False,False,False,A0025/R02-parent-confirmation/analysis.json,A0025/R02-parent-confirmation/manifest.json,-0.2905972715881262,-7.489454201190922,6.90825965801467,0.67892811364599,-0.8284474056808809,2.186303632972861,-0.9695253852341162,-8.734701060147247,6.795650289679013
A0025,A0023,rejected,prefill,1,2048,False,1.0,8,True,False,False,False,A0025/R02-parent-confirmation/analysis.json,A0025/R02-parent-confirmation/manifest.json,0.0399815384298563,-0.22215289115418901,0.3021159680139016,0.055025688682993255,-0.3068165666003037,0.4168679439662902,-0.015044150253136953,-0.15785999986879143,0.1277716993625175
A0025,A0023,rejected,prefill,8,512,False,1.0,8,True,False,False,False,A0025/R02-parent-confirmation/analysis.json,A0025/R02-parent-confirmation/manifest.json,-0.19544119325776896,-1.3596815719259263,0.9687991854103885,-0.3341282976584286,-1.8817356634707596,1.2134790681539025,0.13868710440065968,-0.24804949816455768,0.525423706965877
A0025,A0023,rejected,prefill,8,2048,False,1.0,8,True,False,False,False,A0025/R02-parent-confirmation/analysis.json,A0025/R02-parent-confirmation/manifest.json,0.10966452149053414,-1.3198824562712033,1.5392114992522714,0.07991244395573933,-1.6285445061689328,1.7883693940804113,0.029752077534794807,-1.0808618335529356,1.1403659886225253
A0025,A0023,rejected,prefill,8,8192,False,1.0,8,True,False,False,False,A0025/R02-parent-confirmation/analysis.json,A0025/R02-parent-confirmation/manifest.json,-5.033611397569378,-18.820158908010246,8.752936112871492,-3.1747130677103996,-30.368577993964674,24.019151858543875,-1.8588983298589785,-15.269589224160299,11.55179256444234
A0025,A0023,rejected,prefill,16,2048,False,1.0,8,True,False,False,False,A0025/R02-parent-confirmation/analysis.json,A0025/R02-parent-confirmation/manifest.json,-0.6251307463066382,-2.551387102667436,1.3011256100541595,-0.5721115507185459,-5.485837517060947,4.341614415623855,-0.053019195588092316,-3.0653472071283505,2.959308815952166
A0026,A0023,rejected,decode,1,2048,False,1.0,12,True,False,False,False,A0026/R02-parent-confirmation/analysis.json,A0026/R02-parent-confirmation/manifest.json,-0.029878530444370572,-0.20575642484153794,0.14599936395279678,-0.05375723251038137,-0.32545982017668496,0.2179453551559222,0.0238787020660108,-0.08812490860147748,0.13588231273349907
A0026,A0023,rejected,decode,4,2048,False,1.0,12,True,False,False,False,A0026/R02-parent-confirmation/analysis.json,A0026/R02-parent-confirmation/manifest.json,-0.004229120289286274,-0.030239721859906785,0.021781481281334236,-0.009690980530447924,-0.04903911925013836,0.029657158189242513,0.0054618602411616495,-0.007884205681324485,0.018807926163647782
A0026,A0023,rejected,decode,8,512,False,1.0,12,True,False,False,False,A0026/R02-parent-confirmation/analysis.json,A0026/R02-parent-confirmation/manifest.json,0.0036235019150708445,-0.018394274880272746,0.025641278710414432,0.003495450235075618,-0.012708536556866148,0.019699437027017385,0.00012805167999522618,-0.02009209252622359,0.020348195886214046
A0026,A0023,rejected,decode,8,2048,False,1.0,12,True,False,False,False,A0026/R02-parent-confirmation/analysis.json,A0026/R02-parent-confirmation/manifest.json,-0.00346475798222734,-0.024400941521269055,0.017471425556814375,-0.012301151744193698,-0.06664633110423424,0.04204402761584684,0.008836393761966358,-0.03674283306577864,0.054415620589711354
A0026,A0023,rejected,decode,8,4096,False,1.0,12,True,False,False,False,A0026/R02-parent-confirmation/analysis.json,A0026/R02-parent-confirmation/manifest.json,-0.004189083766605724,-0.018595511641275164,0.010217344108063714,-0.013122888695862164,-0.05730418652060122,0.03105840912887689,0.00893380492925644,-0.02185707036596922,0.0397246802244821
A0026,A0023,rejected,generation,1,2048,False,1.0,12,True,True,False,False,A0026/R02-parent-confirmation/analysis.json,A0026/R02-parent-confirmation/manifest.json,-7.873275006810824,-12.294166388831762,-3.452383624789886,2.9824722868700824,-24.23126663964316,30.19621121338332,-10.855747293680906,-36.526729053922836,14.815234466561023
A0026,A0023,rejected,generation,8,2048,False,1.0,12,True,False,False,False,A0026/R02-parent-confirmation/analysis.json,A0026/R02-parent-confirmation/manifest.json,-0.09420990116071455,-0.7952550868497857,0.6068352845283566,0.5045558532906398,-1.140063139689387,2.1491748462706664,-0.5987657544513544,-1.9119463523732083,0.7144148434704994
A0026,A0023,rejected,prefill,1,2048,False,1.0,12,True,False,False,False,A0026/R02-parent-confirmation/analysis.json,A0026/R02-parent-confirmation/manifest.json,0.014585561843381592,-0.11647920055082202,0.1456503242375852,-0.0034466748022374816,-0.16019908646291797,0.153305736858443,0.018032236645619076,-0.2680538488752262,0.3041183221664644
A0026,A0023,rejected,prefill,4,2048,True,0.01816849941925591,12,True,False,False,False,A0026/R02-parent-confirmation/analysis.json,A0026/R02-parent-confirmation/manifest.json,2.881181452216372,2.1767890708061453,3.585573833626599,2.845693488294875,2.1402200724701204,3.5511669041196297,0.03548796392149711,-1.136245254275805,1.2072211821187993
A0026,A0023,rejected,prefill,8,512,True,0.013710934152993026,12,True,False,False,False,A0026/R02-parent-confirmation/analysis.json,A0026/R02-parent-confirmation/manifest.json,2.472027737854257,2.2862719337239574,2.6577835419845566,2.66958436307808,2.1195584392395435,3.2196102869166165,-0.19755662522382286,-0.5638855258914123,0.16877227544376658
A0026,A0023,rejected,prefill,8,2048,False,1.0,12,True,False,False,False,A0026/R02-parent-confirmation/analysis.json,A0026/R02-parent-confirmation/manifest.json,0.4993853728390434,-0.32794503779787787,1.3267157834759646,0.2627218297372262,-0.45502749576882445,0.9804711552432768,0.23666354310181723,0.02612461967713639,0.4472024665264981
A0026,A0023,rejected,prefill,8,8192,False,1.0,12,True,False,False,False,A0026/R02-parent-confirmation/analysis.json,A0026/R02-parent-confirmation/manifest.json,-1.187193999066949,-15.761342300019882,13.386954301885984,5.2421311175243845,-24.851527951692226,35.335790186740994,-6.429325116591333,-21.978138747576864,9.119488514394195
