variant,mode,pair,baseline_ms,candidate_ms,speedup,baseline_peak_gpu_gib,candidate_peak_gpu_gib,baseline_host_rss_gib,candidate_host_rss_gib
ma_offload,prefill,1,209.9967568181455,210.72244923561811,0.996556169406226,6.448451995849609,6.448451995849609,10.90524673461914,10.905254364013672
ma_offload,prefill,2,209.5933625008911,210.25308286771178,0.9968622559164292,6.448451995849609,6.448451995849609,10.905387878417969,10.905223846435547
ma_offload,prefill,3,210.5601758696139,209.51119577512145,1.0050067973246564,6.448451995849609,6.448451995849609,10.90523910522461,10.90744400024414
ma_offload,decode,1,11.05101672001183,5.472745234146714,2.0192821421797564,5.746938228607178,5.808236598968506,11.076583862304688,11.064964294433594
ma_offload,decode,2,11.008615652099252,5.399678274989128,2.0387539944907953,5.746938228607178,5.808236598968506,11.076080322265625,11.065013885498047
ma_offload,decode,3,11.014995304867625,5.458967434242368,2.017779999157727,5.746938228607178,5.808236598968506,11.076309204101562,11.06463623046875
ma_gpu,prefill,1,206.4495668746531,206.9463555701077,0.9975994324998572,9.15084457397461,9.15084457397461,4.7909698486328125,4.792934417724609
ma_gpu,prefill,2,206.54476573690772,206.9862985983491,0.9978668498135804,9.15084457397461,9.15084457397461,4.791240692138672,4.790763854980469
ma_gpu,prefill,3,207.1217434015125,206.74506821669638,1.0018219306901257,9.15084457397461,9.15084457397461,4.790885925292969,4.7912139892578125
ma_gpu,decode,1,10.925336554646492,5.311981588602066,2.056734642696996,8.449361324310303,8.510629177093506,4.96221923828125,4.9530792236328125
ma_gpu,decode,2,10.926522361114621,5.361153278499842,2.0380917674810597,8.449361324310303,8.510629177093506,4.962512969970703,4.950740814208984
ma_gpu,decode,3,10.927610797807574,5.318604409694672,2.0546011615168993,8.449361324310303,8.510629177093506,4.961936950683594,4.951137542724609
