name,side,mode,variant,batch,length,status,stage,measurement_plan_id,reused,source_result,median_ms,round_min_ms,round_max_ms,tokens_per_second,gpu_peak_allocated_gib,gpu_peak_reserved_gib,host_rss_gib,pinned_mib,kv_gib,sample_count
J01-baseline-prefill-ma_offload-b8-l2048,baseline,prefill,ma_offload,8,2048,completed,full_validation,formal_v1_w10_n10_r3,True,/home/molly/workspace-memory-attn/memory-attention/profile/results/optimization/A0002/R03-confirmation/p1-baseline-ma_offload-prefill.json,210.11761147528887,209.367484645918,210.24008272215724,77975.37714694068,6.448451995849609,9.01953125,10.905132293701172,256.75,3.0,30
J01-candidate-prefill-ma_offload-b8-l2048,candidate,prefill,ma_offload,8,2048,completed,confirmation,formal_v1_w10_n10_r3,True,/home/molly/workspace-memory-attn/memory-attention/profile/results/optimization/A0002/R03-confirmation/p1-candidate-ma_offload-prefill.json,209.69130415469408,209.5649107825011,210.00045351684093,78133.90291050481,6.448451995849609,9.01953125,10.907291412353516,256.75,3.0,30
J02-candidate-prefill-ma_gpu-b8-l2048,candidate,prefill,ma_gpu,8,2048,completed,confirmation,formal_v1_w10_n10_r3,True,/home/molly/workspace-memory-attn/memory-attention/profile/results/optimization/A0002/R03-confirmation/p1-candidate-ma_gpu-prefill.json,206.66078398935497,206.11636824905872,207.07988743670285,79279.67601653894,9.15084457397461,10.658203125,4.790855407714844,0.0,3.0,30
J02-baseline-prefill-ma_gpu-b8-l2048,baseline,prefill,ma_gpu,8,2048,completed,full_validation,formal_v1_w10_n10_r3,True,/home/molly/workspace-memory-attn/memory-attention/profile/results/optimization/A0002/R03-confirmation/p1-baseline-ma_gpu-prefill.json,206.60252766683698,206.535880593583,207.16764498502016,79302.03074001352,9.15084457397461,10.658203125,4.792945861816406,0.0,3.0,30
J03-baseline-prefill-ma_gpu_unfolded-b8-l2048,baseline,prefill,ma_gpu_unfolded,8,2048,completed,full_validation,formal_v1_w10_n10_r3,True,/home/molly/workspace-memory-attn/memory-attention/profile/results/optimization/A0001/R06-full-validation/J03-baseline-prefill-ma_gpu_unfolded-b8-l2048.json,208.02692803554237,207.46774687431753,208.29107696190476,78759.03448999986,9.15084457397461,10.658203125,4.790260314941406,0.0,3.0,30
J03-candidate-prefill-ma_gpu_unfolded-b8-l2048,candidate,prefill,ma_gpu_unfolded,8,2048,completed,full_validation,formal_v1_w10_n10_r3,False,/home/molly/workspace-memory-attn/memory-attention/profile/results/optimization/A0002/R06-full-validation/J03-candidate-prefill-ma_gpu_unfolded-b8-l2048.json,208.09039874002337,207.6246054843068,208.36168667301536,78735.0117987388,9.15084457397461,10.658203125,4.790435791015625,0.0,3.0,30
J04-candidate-decode-ma_offload-b8-l2048,candidate,decode,ma_offload,8,2048,completed,confirmation,formal_v1_w10_n10_r3,True,/home/molly/workspace-memory-attn/memory-attention/profile/results/optimization/A0002/R03-confirmation/p1-candidate-ma_offload-decode.json,5.543818511068821,5.412106169387698,5.816170107573271,1443.048682785548,5.808236598968506,9.01953125,11.064823150634766,256.75,3.1875,30
J04-baseline-decode-ma_offload-b8-l2048,baseline,decode,ma_offload,8,2048,completed,full_validation,formal_v1_w10_n10_r3,True,/home/molly/workspace-memory-attn/memory-attention/profile/results/optimization/A0002/R03-confirmation/p1-baseline-ma_offload-decode.json,11.07121529057622,11.057506175711751,11.075016623362899,722.594565278626,5.746938228607178,9.01953125,11.076602935791016,256.75,3.00146484375,30
J05-baseline-decode-ma_gpu-b8-l2048,baseline,decode,ma_gpu,8,2048,completed,full_validation,formal_v1_w10_n10_r3,True,/home/molly/workspace-memory-attn/memory-attention/profile/results/optimization/A0002/R03-confirmation/p1-baseline-ma_gpu-decode.json,10.924544464796782,10.921675013378263,10.930523835122585,732.2959804666616,8.449361324310303,10.66015625,4.962169647216797,0.0,3.00146484375,30
J05-candidate-decode-ma_gpu-b8-l2048,candidate,decode,ma_gpu,8,2048,completed,confirmation,formal_v1_w10_n10_r3,True,/home/molly/workspace-memory-attn/memory-attention/profile/results/optimization/A0002/R03-confirmation/p1-candidate-ma_gpu-decode.json,5.326718185096979,5.325812427327037,5.337120871990919,1501.862820973389,8.510629177093506,10.66015625,4.950771331787109,0.0,3.1875,30
J06-candidate-decode-ma_gpu_unfolded-b8-l2048,candidate,decode,ma_gpu_unfolded,8,2048,completed,full_validation,formal_v1_w10_n10_r3,False,/home/molly/workspace-memory-attn/memory-attention/profile/results/optimization/A0002/R06-full-validation/J06-candidate-decode-ma_gpu_unfolded-b8-l2048.json,5.9140481520444155,5.9072972275316715,5.9428418055176735,1352.711339902516,8.510629177093506,10.66015625,4.950672149658203,0.0,3.1875,30
J06-baseline-decode-ma_gpu_unfolded-b8-l2048,baseline,decode,ma_gpu_unfolded,8,2048,completed,full_validation,formal_v1_w10_n10_r3,True,/home/molly/workspace-memory-attn/memory-attention/profile/results/optimization/A0001/R06-full-validation/J06-baseline-decode-ma_gpu_unfolded-b8-l2048.json,11.023253900930285,11.020047077909112,11.023411294445395,725.7385225722558,8.449361324310303,10.66015625,4.96234130859375,0.0,3.00146484375,30
J07-baseline-prefill-ma_offload-b1-l2048,baseline,prefill,ma_offload,1,2048,completed,full_validation,formal_v1_w10_n10_r3,True,/home/molly/workspace-memory-attn/memory-attention/profile/results/optimization/A0001/R06-full-validation/J07-baseline-prefill-ma_offload-b1-l2048.json,43.85635033249855,43.80243378691375,44.028718303889036,46697.91226294509,3.035594940185547,5.767578125,10.905864715576172,192.09375,0.375,30
J07-candidate-prefill-ma_offload-b1-l2048,candidate,prefill,ma_offload,1,2048,completed,full_validation,formal_v1_w10_n10_r3,False,/home/molly/workspace-memory-attn/memory-attention/profile/results/optimization/A0002/R06-full-validation/J07-candidate-prefill-ma_offload-b1-l2048.json,44.11943876184523,44.085551239550114,44.16097644716501,46419.44814971498,3.035594940185547,5.767578125,10.905853271484375,192.09375,0.375,30
J08-candidate-prefill-ma_gpu-b1-l2048,candidate,prefill,ma_gpu,1,2048,completed,full_validation,formal_v1_w10_n10_r3,False,/home/molly/workspace-memory-attn/memory-attention/profile/results/optimization/A0002/R06-full-validation/J08-candidate-prefill-ma_gpu-b1-l2048.json,29.0718839969486,28.964093094691634,29.077375354245305,70446.07085715391,5.801128387451172,6.1171875,4.792903900146484,0.0,0.375,30
J08-baseline-prefill-ma_gpu-b1-l2048,baseline,prefill,ma_gpu,1,2048,completed,full_validation,formal_v1_w10_n10_r3,True,/home/molly/workspace-memory-attn/memory-attention/profile/results/optimization/A0001/R06-full-validation/J08-baseline-prefill-ma_gpu-b1-l2048.json,29.086626414209604,29.046951793134212,29.0999848395586,70410.36560360594,5.801128387451172,6.1171875,4.792457580566406,0.0,0.375,30
J09-baseline-prefill-ma_gpu_unfolded-b1-l2048,baseline,prefill,ma_gpu_unfolded,1,2048,completed,full_validation,formal_v1_w10_n10_r3,True,/home/molly/workspace-memory-attn/memory-attention/profile/results/optimization/A0001/R06-full-validation/J09-baseline-prefill-ma_gpu_unfolded-b1-l2048.json,29.16149483062327,29.1437363717705,29.18886262923479,70229.59597562674,5.801128387451172,6.115234375,4.792564392089844,0.0,0.375,30
J09-candidate-prefill-ma_gpu_unfolded-b1-l2048,candidate,prefill,ma_gpu_unfolded,1,2048,completed,full_validation,formal_v1_w10_n10_r3,False,/home/molly/workspace-memory-attn/memory-attention/profile/results/optimization/A0002/R06-full-validation/J09-candidate-prefill-ma_gpu_unfolded-b1-l2048.json,29.10918891429901,29.055246943607926,29.164388915523887,70355.7906072052,5.801128387451172,6.115234375,4.792316436767578,0.0,0.375,30
J10-candidate-decode-ma_offload-b1-l2048,candidate,decode,ma_offload,1,2048,completed,confirmation,formal_v1_w10_n10_r3,True,/home/molly/workspace-memory-attn/memory-attention/profile/results/optimization/A0002/R02-small-batch/p1-candidate-ma_offload.json,4.635521210730076,4.623887920752168,4.657271085307002,215.7254717517524,2.9479260444641113,5.767578125,11.07101821899414,192.09375,0.37518310546875,30
J10-baseline-decode-ma_offload-b1-l2048,baseline,decode,ma_offload,1,2048,completed,full_validation,formal_v1_w10_n10_r3,True,/home/molly/workspace-memory-attn/memory-attention/profile/results/optimization/A0002/R02-small-batch/p1-baseline-ma_offload.json,4.620977491140366,4.614575672894716,4.79092039167881,216.40442999717357,2.9479260444641113,5.767578125,11.068893432617188,192.09375,0.37518310546875,30
J11-baseline-decode-ma_gpu-b1-l2048,baseline,decode,ma_gpu,1,2048,completed,full_validation,formal_v1_w10_n10_r3,True,/home/molly/workspace-memory-attn/memory-attention/profile/results/optimization/A0002/R02-small-batch/p1-baseline-ma_gpu.json,4.513850528746843,4.50565698556602,4.53142044134438,221.54034424299485,5.713463306427002,6.193359375,4.955848693847656,0.0,0.37518310546875,30
J11-candidate-decode-ma_gpu-b1-l2048,candidate,decode,ma_gpu,1,2048,completed,confirmation,formal_v1_w10_n10_r3,True,/home/molly/workspace-memory-attn/memory-attention/profile/results/optimization/A0002/R02-small-batch/p1-candidate-ma_gpu.json,4.548915661871433,4.547262517735362,4.557817289605737,219.83260942424198,5.713463306427002,6.193359375,4.955768585205078,0.0,0.37518310546875,30
J12-candidate-decode-ma_gpu_unfolded-b1-l2048,candidate,decode,ma_gpu_unfolded,1,2048,completed,full_validation,formal_v1_w10_n10_r3,False,/home/molly/workspace-memory-attn/memory-attention/profile/results/optimization/A0002/R06-full-validation/J12-candidate-decode-ma_gpu_unfolded-b1-l2048.json,5.462844949215651,5.419421894475818,5.52016431465745,183.05480190199776,5.713463306427002,6.09375,4.955455780029297,0.0,0.37518310546875,30
J12-baseline-decode-ma_gpu_unfolded-b1-l2048,baseline,decode,ma_gpu_unfolded,1,2048,completed,full_validation,formal_v1_w10_n10_r3,True,/home/molly/workspace-memory-attn/memory-attention/profile/results/optimization/A0001/R06-full-validation/J12-baseline-decode-ma_gpu_unfolded-b1-l2048.json,5.472657503560185,5.446618562564254,5.531194992363453,182.72658198497888,5.713463306427002,6.09375,4.955623626708984,0.0,0.37518310546875,30
J13-baseline-prefill-ma_offload-b4-l2048,baseline,prefill,ma_offload,4,2048,completed,full_validation,formal_v1_w10_n10_r3,True,/home/molly/workspace-memory-attn/memory-attention/profile/results/optimization/A0001/R06-full-validation/J13-baseline-prefill-ma_offload-b4-l2048.json,109.4123309943825,108.75573176890612,109.53271323814988,74872.73075665116,4.408962249755859,5.58203125,10.77984619140625,128.375,1.5,30
J13-candidate-prefill-ma_offload-b4-l2048,candidate,prefill,ma_offload,4,2048,completed,full_validation,formal_v1_w10_n10_r3,False,/home/molly/workspace-memory-attn/memory-attention/profile/results/optimization/A0002/R06-full-validation/J13-candidate-prefill-ma_offload-b4-l2048.json,109.22239357605577,109.10569080151618,110.84700468927622,75002.93421326272,4.408962249755859,5.58203125,10.779830932617188,128.375,1.5,30
J14-candidate-prefill-ma_gpu-b4-l2048,candidate,prefill,ma_gpu,4,2048,completed,full_validation,formal_v1_w10_n10_r3,False,/home/molly/workspace-memory-attn/memory-attention/profile/results/optimization/A0002/R06-full-validation/J14-candidate-prefill-ma_gpu-b4-l2048.json,106.45603965967894,106.43214979209006,106.46286830306053,76951.9514927323,7.236721038818359,8.056640625,4.7906951904296875,0.0,1.5,30
J14-baseline-prefill-ma_gpu-b4-l2048,baseline,prefill,ma_gpu,4,2048,completed,full_validation,formal_v1_w10_n10_r3,False,/home/molly/workspace-memory-attn/memory-attention/profile/results/optimization/A0002/R06-full-validation/J14-baseline-prefill-ma_gpu-b4-l2048.json,106.49092881940305,106.44833277910948,106.50344924069941,76926.74005964147,7.236721038818359,8.056640625,4.790748596191406,0.0,1.5,30
J15-baseline-prefill-ma_gpu_unfolded-b4-l2048,baseline,prefill,ma_gpu_unfolded,4,2048,running,full_validation,formal_v1_w10_n10_r3,False,/home/molly/workspace-memory-attn/memory-attention/profile/results/optimization/A0002/R06-full-validation/J15-baseline-prefill-ma_gpu_unfolded-b4-l2048.json,,,,,,,,,,
J15-candidate-prefill-ma_gpu_unfolded-b4-l2048,candidate,prefill,ma_gpu_unfolded,4,2048,pending,full_validation,formal_v1_w10_n10_r3,False,/home/molly/workspace-memory-attn/memory-attention/profile/results/optimization/A0002/R06-full-validation/J15-candidate-prefill-ma_gpu_unfolded-b4-l2048.json,,,,,,,,,,
J16-candidate-decode-ma_offload-b4-l2048,candidate,decode,ma_offload,4,2048,pending,full_validation,formal_v1_w10_n10_r3,False,/home/molly/workspace-memory-attn/memory-attention/profile/results/optimization/A0002/R06-full-validation/J16-candidate-decode-ma_offload-b4-l2048.json,,,,,,,,,,
J16-baseline-decode-ma_offload-b4-l2048,baseline,decode,ma_offload,4,2048,pending,full_validation,formal_v1_w10_n10_r3,False,/home/molly/workspace-memory-attn/memory-attention/profile/results/optimization/A0002/R06-full-validation/J16-baseline-decode-ma_offload-b4-l2048.json,,,,,,,,,,
J17-baseline-decode-ma_gpu-b4-l2048,baseline,decode,ma_gpu,4,2048,pending,full_validation,formal_v1_w10_n10_r3,False,/home/molly/workspace-memory-attn/memory-attention/profile/results/optimization/A0002/R06-full-validation/J17-baseline-decode-ma_gpu-b4-l2048.json,,,,,,,,,,
J17-candidate-decode-ma_gpu-b4-l2048,candidate,decode,ma_gpu,4,2048,pending,full_validation,formal_v1_w10_n10_r3,False,/home/molly/workspace-memory-attn/memory-attention/profile/results/optimization/A0002/R06-full-validation/J17-candidate-decode-ma_gpu-b4-l2048.json,,,,,,,,,,
J18-candidate-decode-ma_gpu_unfolded-b4-l2048,candidate,decode,ma_gpu_unfolded,4,2048,pending,full_validation,formal_v1_w10_n10_r3,False,/home/molly/workspace-memory-attn/memory-attention/profile/results/optimization/A0002/R06-full-validation/J18-candidate-decode-ma_gpu_unfolded-b4-l2048.json,,,,,,,,,,
J18-baseline-decode-ma_gpu_unfolded-b4-l2048,baseline,decode,ma_gpu_unfolded,4,2048,pending,full_validation,formal_v1_w10_n10_r3,False,/home/molly/workspace-memory-attn/memory-attention/profile/results/optimization/A0002/R06-full-validation/J18-baseline-decode-ma_gpu_unfolded-b4-l2048.json,,,,,,,,,,
J19-baseline-prefill-ma_offload-b16-l2048,baseline,prefill,ma_offload,16,2048,pending,full_validation,formal_v1_w10_n10_r3,False,/home/molly/workspace-memory-attn/memory-attention/profile/results/optimization/A0002/R06-full-validation/J19-baseline-prefill-ma_offload-b16-l2048.json,,,,,,,,,,
J19-candidate-prefill-ma_offload-b16-l2048,candidate,prefill,ma_offload,16,2048,pending,full_validation,formal_v1_w10_n10_r3,False,/home/molly/workspace-memory-attn/memory-attention/profile/results/optimization/A0002/R06-full-validation/J19-candidate-prefill-ma_offload-b16-l2048.json,,,,,,,,,,
J20-candidate-prefill-ma_gpu-b16-l2048,candidate,prefill,ma_gpu,16,2048,pending,full_validation,formal_v1_w10_n10_r3,False,/home/molly/workspace-memory-attn/memory-attention/profile/results/optimization/A0002/R06-full-validation/J20-candidate-prefill-ma_gpu-b16-l2048.json,,,,,,,,,,
J20-baseline-prefill-ma_gpu-b16-l2048,baseline,prefill,ma_gpu,16,2048,pending,full_validation,formal_v1_w10_n10_r3,False,/home/molly/workspace-memory-attn/memory-attention/profile/results/optimization/A0002/R06-full-validation/J20-baseline-prefill-ma_gpu-b16-l2048.json,,,,,,,,,,
J21-baseline-prefill-ma_gpu_unfolded-b16-l2048,baseline,prefill,ma_gpu_unfolded,16,2048,pending,full_validation,formal_v1_w10_n10_r3,False,/home/molly/workspace-memory-attn/memory-attention/profile/results/optimization/A0002/R06-full-validation/J21-baseline-prefill-ma_gpu_unfolded-b16-l2048.json,,,,,,,,,,
J21-candidate-prefill-ma_gpu_unfolded-b16-l2048,candidate,prefill,ma_gpu_unfolded,16,2048,pending,full_validation,formal_v1_w10_n10_r3,False,/home/molly/workspace-memory-attn/memory-attention/profile/results/optimization/A0002/R06-full-validation/J21-candidate-prefill-ma_gpu_unfolded-b16-l2048.json,,,,,,,,,,
J22-candidate-decode-ma_offload-b16-l2048,candidate,decode,ma_offload,16,2048,pending,full_validation,formal_v1_w10_n10_r3,False,/home/molly/workspace-memory-attn/memory-attention/profile/results/optimization/A0002/R06-full-validation/J22-candidate-decode-ma_offload-b16-l2048.json,,,,,,,,,,
J22-baseline-decode-ma_offload-b16-l2048,baseline,decode,ma_offload,16,2048,pending,full_validation,formal_v1_w10_n10_r3,False,/home/molly/workspace-memory-attn/memory-attention/profile/results/optimization/A0002/R06-full-validation/J22-baseline-decode-ma_offload-b16-l2048.json,,,,,,,,,,
J23-baseline-decode-ma_gpu-b16-l2048,baseline,decode,ma_gpu,16,2048,pending,full_validation,formal_v1_w10_n10_r3,False,/home/molly/workspace-memory-attn/memory-attention/profile/results/optimization/A0002/R06-full-validation/J23-baseline-decode-ma_gpu-b16-l2048.json,,,,,,,,,,
J23-candidate-decode-ma_gpu-b16-l2048,candidate,decode,ma_gpu,16,2048,pending,full_validation,formal_v1_w10_n10_r3,False,/home/molly/workspace-memory-attn/memory-attention/profile/results/optimization/A0002/R06-full-validation/J23-candidate-decode-ma_gpu-b16-l2048.json,,,,,,,,,,
J24-candidate-decode-ma_gpu_unfolded-b16-l2048,candidate,decode,ma_gpu_unfolded,16,2048,pending,full_validation,formal_v1_w10_n10_r3,False,/home/molly/workspace-memory-attn/memory-attention/profile/results/optimization/A0002/R06-full-validation/J24-candidate-decode-ma_gpu_unfolded-b16-l2048.json,,,,,,,,,,
J24-baseline-decode-ma_gpu_unfolded-b16-l2048,baseline,decode,ma_gpu_unfolded,16,2048,pending,full_validation,formal_v1_w10_n10_r3,False,/home/molly/workspace-memory-attn/memory-attention/profile/results/optimization/A0002/R06-full-validation/J24-baseline-decode-ma_gpu_unfolded-b16-l2048.json,,,,,,,,,,
J25-baseline-prefill-ma_offload-b8-l512,baseline,prefill,ma_offload,8,512,pending,full_validation,formal_v1_w10_n10_r3,False,/home/molly/workspace-memory-attn/memory-attention/profile/results/optimization/A0002/R06-full-validation/J25-baseline-prefill-ma_offload-b8-l512.json,,,,,,,,,,
J25-candidate-prefill-ma_offload-b8-l512,candidate,prefill,ma_offload,8,512,pending,full_validation,formal_v1_w10_n10_r3,False,/home/molly/workspace-memory-attn/memory-attention/profile/results/optimization/A0002/R06-full-validation/J25-candidate-prefill-ma_offload-b8-l512.json,,,,,,,,,,
J26-candidate-prefill-ma_gpu-b8-l512,candidate,prefill,ma_gpu,8,512,pending,full_validation,formal_v1_w10_n10_r3,False,/home/molly/workspace-memory-attn/memory-attention/profile/results/optimization/A0002/R06-full-validation/J26-candidate-prefill-ma_gpu-b8-l512.json,,,,,,,,,,
J26-baseline-prefill-ma_gpu-b8-l512,baseline,prefill,ma_gpu,8,512,pending,full_validation,formal_v1_w10_n10_r3,False,/home/molly/workspace-memory-attn/memory-attention/profile/results/optimization/A0002/R06-full-validation/J26-baseline-prefill-ma_gpu-b8-l512.json,,,,,,,,,,
J27-baseline-prefill-ma_gpu_unfolded-b8-l512,baseline,prefill,ma_gpu_unfolded,8,512,pending,full_validation,formal_v1_w10_n10_r3,False,/home/molly/workspace-memory-attn/memory-attention/profile/results/optimization/A0002/R06-full-validation/J27-baseline-prefill-ma_gpu_unfolded-b8-l512.json,,,,,,,,,,
J27-candidate-prefill-ma_gpu_unfolded-b8-l512,candidate,prefill,ma_gpu_unfolded,8,512,pending,full_validation,formal_v1_w10_n10_r3,False,/home/molly/workspace-memory-attn/memory-attention/profile/results/optimization/A0002/R06-full-validation/J27-candidate-prefill-ma_gpu_unfolded-b8-l512.json,,,,,,,,,,
J28-candidate-decode-ma_offload-b8-l512,candidate,decode,ma_offload,8,512,pending,full_validation,formal_v1_w10_n10_r3,False,/home/molly/workspace-memory-attn/memory-attention/profile/results/optimization/A0002/R06-full-validation/J28-candidate-decode-ma_offload-b8-l512.json,,,,,,,,,,
J28-baseline-decode-ma_offload-b8-l512,baseline,decode,ma_offload,8,512,pending,full_validation,formal_v1_w10_n10_r3,False,/home/molly/workspace-memory-attn/memory-attention/profile/results/optimization/A0002/R06-full-validation/J28-baseline-decode-ma_offload-b8-l512.json,,,,,,,,,,
J29-baseline-decode-ma_gpu-b8-l512,baseline,decode,ma_gpu,8,512,pending,full_validation,formal_v1_w10_n10_r3,False,/home/molly/workspace-memory-attn/memory-attention/profile/results/optimization/A0002/R06-full-validation/J29-baseline-decode-ma_gpu-b8-l512.json,,,,,,,,,,
J29-candidate-decode-ma_gpu-b8-l512,candidate,decode,ma_gpu,8,512,pending,full_validation,formal_v1_w10_n10_r3,False,/home/molly/workspace-memory-attn/memory-attention/profile/results/optimization/A0002/R06-full-validation/J29-candidate-decode-ma_gpu-b8-l512.json,,,,,,,,,,
J30-candidate-decode-ma_gpu_unfolded-b8-l512,candidate,decode,ma_gpu_unfolded,8,512,pending,full_validation,formal_v1_w10_n10_r3,False,/home/molly/workspace-memory-attn/memory-attention/profile/results/optimization/A0002/R06-full-validation/J30-candidate-decode-ma_gpu_unfolded-b8-l512.json,,,,,,,,,,
J30-baseline-decode-ma_gpu_unfolded-b8-l512,baseline,decode,ma_gpu_unfolded,8,512,pending,full_validation,formal_v1_w10_n10_r3,False,/home/molly/workspace-memory-attn/memory-attention/profile/results/optimization/A0002/R06-full-validation/J30-baseline-decode-ma_gpu_unfolded-b8-l512.json,,,,,,,,,,
J31-baseline-prefill-ma_offload-b8-l4096,baseline,prefill,ma_offload,8,4096,pending,full_validation,formal_v1_w10_n10_r3,False,/home/molly/workspace-memory-attn/memory-attention/profile/results/optimization/A0002/R06-full-validation/J31-baseline-prefill-ma_offload-b8-l4096.json,,,,,,,,,,
J31-candidate-prefill-ma_offload-b8-l4096,candidate,prefill,ma_offload,8,4096,pending,full_validation,formal_v1_w10_n10_r3,False,/home/molly/workspace-memory-attn/memory-attention/profile/results/optimization/A0002/R06-full-validation/J31-candidate-prefill-ma_offload-b8-l4096.json,,,,,,,,,,
J32-candidate-prefill-ma_gpu-b8-l4096,candidate,prefill,ma_gpu,8,4096,pending,full_validation,formal_v1_w10_n10_r3,False,/home/molly/workspace-memory-attn/memory-attention/profile/results/optimization/A0002/R06-full-validation/J32-candidate-prefill-ma_gpu-b8-l4096.json,,,,,,,,,,
J32-baseline-prefill-ma_gpu-b8-l4096,baseline,prefill,ma_gpu,8,4096,pending,full_validation,formal_v1_w10_n10_r3,False,/home/molly/workspace-memory-attn/memory-attention/profile/results/optimization/A0002/R06-full-validation/J32-baseline-prefill-ma_gpu-b8-l4096.json,,,,,,,,,,
J33-baseline-prefill-ma_gpu_unfolded-b8-l4096,baseline,prefill,ma_gpu_unfolded,8,4096,pending,full_validation,formal_v1_w10_n10_r3,False,/home/molly/workspace-memory-attn/memory-attention/profile/results/optimization/A0002/R06-full-validation/J33-baseline-prefill-ma_gpu_unfolded-b8-l4096.json,,,,,,,,,,
J33-candidate-prefill-ma_gpu_unfolded-b8-l4096,candidate,prefill,ma_gpu_unfolded,8,4096,pending,full_validation,formal_v1_w10_n10_r3,False,/home/molly/workspace-memory-attn/memory-attention/profile/results/optimization/A0002/R06-full-validation/J33-candidate-prefill-ma_gpu_unfolded-b8-l4096.json,,,,,,,,,,
J34-candidate-decode-ma_offload-b8-l4096,candidate,decode,ma_offload,8,4096,pending,full_validation,formal_v1_w10_n10_r3,False,/home/molly/workspace-memory-attn/memory-attention/profile/results/optimization/A0002/R06-full-validation/J34-candidate-decode-ma_offload-b8-l4096.json,,,,,,,,,,
J34-baseline-decode-ma_offload-b8-l4096,baseline,decode,ma_offload,8,4096,pending,full_validation,formal_v1_w10_n10_r3,False,/home/molly/workspace-memory-attn/memory-attention/profile/results/optimization/A0002/R06-full-validation/J34-baseline-decode-ma_offload-b8-l4096.json,,,,,,,,,,
J35-baseline-decode-ma_gpu-b8-l4096,baseline,decode,ma_gpu,8,4096,pending,full_validation,formal_v1_w10_n10_r3,False,/home/molly/workspace-memory-attn/memory-attention/profile/results/optimization/A0002/R06-full-validation/J35-baseline-decode-ma_gpu-b8-l4096.json,,,,,,,,,,
J35-candidate-decode-ma_gpu-b8-l4096,candidate,decode,ma_gpu,8,4096,pending,full_validation,formal_v1_w10_n10_r3,False,/home/molly/workspace-memory-attn/memory-attention/profile/results/optimization/A0002/R06-full-validation/J35-candidate-decode-ma_gpu-b8-l4096.json,,,,,,,,,,
J36-candidate-decode-ma_gpu_unfolded-b8-l4096,candidate,decode,ma_gpu_unfolded,8,4096,pending,full_validation,formal_v1_w10_n10_r3,False,/home/molly/workspace-memory-attn/memory-attention/profile/results/optimization/A0002/R06-full-validation/J36-candidate-decode-ma_gpu_unfolded-b8-l4096.json,,,,,,,,,,
J36-baseline-decode-ma_gpu_unfolded-b8-l4096,baseline,decode,ma_gpu_unfolded,8,4096,pending,full_validation,formal_v1_w10_n10_r3,False,/home/molly/workspace-memory-attn/memory-attention/profile/results/optimization/A0002/R06-full-validation/J36-baseline-decode-ma_gpu_unfolded-b8-l4096.json,,,,,,,,,,
J37-baseline-prefill-ma_offload-b8-l8192,baseline,prefill,ma_offload,8,8192,pending,full_validation,formal_v1_w10_n10_r3,False,/home/molly/workspace-memory-attn/memory-attention/profile/results/optimization/A0002/R06-full-validation/J37-baseline-prefill-ma_offload-b8-l8192.json,,,,,,,,,,
J37-candidate-prefill-ma_offload-b8-l8192,candidate,prefill,ma_offload,8,8192,pending,full_validation,formal_v1_w10_n10_r3,False,/home/molly/workspace-memory-attn/memory-attention/profile/results/optimization/A0002/R06-full-validation/J37-candidate-prefill-ma_offload-b8-l8192.json,,,,,,,,,,
J38-candidate-prefill-ma_gpu-b8-l8192,candidate,prefill,ma_gpu,8,8192,pending,full_validation,formal_v1_w10_n10_r3,False,/home/molly/workspace-memory-attn/memory-attention/profile/results/optimization/A0002/R06-full-validation/J38-candidate-prefill-ma_gpu-b8-l8192.json,,,,,,,,,,
J38-baseline-prefill-ma_gpu-b8-l8192,baseline,prefill,ma_gpu,8,8192,pending,full_validation,formal_v1_w10_n10_r3,False,/home/molly/workspace-memory-attn/memory-attention/profile/results/optimization/A0002/R06-full-validation/J38-baseline-prefill-ma_gpu-b8-l8192.json,,,,,,,,,,
J39-baseline-prefill-ma_gpu_unfolded-b8-l8192,baseline,prefill,ma_gpu_unfolded,8,8192,pending,full_validation,formal_v1_w10_n10_r3,False,/home/molly/workspace-memory-attn/memory-attention/profile/results/optimization/A0002/R06-full-validation/J39-baseline-prefill-ma_gpu_unfolded-b8-l8192.json,,,,,,,,,,
J39-candidate-prefill-ma_gpu_unfolded-b8-l8192,candidate,prefill,ma_gpu_unfolded,8,8192,pending,full_validation,formal_v1_w10_n10_r3,False,/home/molly/workspace-memory-attn/memory-attention/profile/results/optimization/A0002/R06-full-validation/J39-candidate-prefill-ma_gpu_unfolded-b8-l8192.json,,,,,,,,,,
J40-candidate-decode-ma_offload-b8-l8192,candidate,decode,ma_offload,8,8192,pending,full_validation,formal_v1_w10_n10_r3,False,/home/molly/workspace-memory-attn/memory-attention/profile/results/optimization/A0002/R06-full-validation/J40-candidate-decode-ma_offload-b8-l8192.json,,,,,,,,,,
J40-baseline-decode-ma_offload-b8-l8192,baseline,decode,ma_offload,8,8192,pending,full_validation,formal_v1_w10_n10_r3,False,/home/molly/workspace-memory-attn/memory-attention/profile/results/optimization/A0002/R06-full-validation/J40-baseline-decode-ma_offload-b8-l8192.json,,,,,,,,,,
J41-baseline-decode-ma_gpu-b8-l8192,baseline,decode,ma_gpu,8,8192,pending,full_validation,formal_v1_w10_n10_r3,False,/home/molly/workspace-memory-attn/memory-attention/profile/results/optimization/A0002/R06-full-validation/J41-baseline-decode-ma_gpu-b8-l8192.json,,,,,,,,,,
J41-candidate-decode-ma_gpu-b8-l8192,candidate,decode,ma_gpu,8,8192,pending,full_validation,formal_v1_w10_n10_r3,False,/home/molly/workspace-memory-attn/memory-attention/profile/results/optimization/A0002/R06-full-validation/J41-candidate-decode-ma_gpu-b8-l8192.json,,,,,,,,,,
J42-candidate-decode-ma_gpu_unfolded-b8-l8192,candidate,decode,ma_gpu_unfolded,8,8192,pending,full_validation,formal_v1_w10_n10_r3,False,/home/molly/workspace-memory-attn/memory-attention/profile/results/optimization/A0002/R06-full-validation/J42-candidate-decode-ma_gpu_unfolded-b8-l8192.json,,,,,,,,,,
J42-baseline-decode-ma_gpu_unfolded-b8-l8192,baseline,decode,ma_gpu_unfolded,8,8192,pending,full_validation,formal_v1_w10_n10_r3,False,/home/molly/workspace-memory-attn/memory-attention/profile/results/optimization/A0002/R06-full-validation/J42-baseline-decode-ma_gpu_unfolded-b8-l8192.json,,,,,,,,,,
J43-baseline-generation-ma_offload-b1-l2048,baseline,generation,ma_offload,1,2048,pending,full_validation,generation_v1_w2_n5_r3,False,/home/molly/workspace-memory-attn/memory-attention/profile/results/optimization/A0002/R06-full-validation/J43-baseline-generation-ma_offload-b1-l2048.json,,,,,,,,,,
J43-candidate-generation-ma_offload-b1-l2048,candidate,generation,ma_offload,1,2048,pending,full_validation,generation_v1_w2_n5_r3,False,/home/molly/workspace-memory-attn/memory-attention/profile/results/optimization/A0002/R06-full-validation/J43-candidate-generation-ma_offload-b1-l2048.json,,,,,,,,,,
J44-candidate-generation-ma_gpu-b1-l2048,candidate,generation,ma_gpu,1,2048,pending,full_validation,generation_v1_w2_n5_r3,False,/home/molly/workspace-memory-attn/memory-attention/profile/results/optimization/A0002/R06-full-validation/J44-candidate-generation-ma_gpu-b1-l2048.json,,,,,,,,,,
J44-baseline-generation-ma_gpu-b1-l2048,baseline,generation,ma_gpu,1,2048,pending,full_validation,generation_v1_w2_n5_r3,False,/home/molly/workspace-memory-attn/memory-attention/profile/results/optimization/A0002/R06-full-validation/J44-baseline-generation-ma_gpu-b1-l2048.json,,,,,,,,,,
J45-baseline-generation-ma_gpu_unfolded-b1-l2048,baseline,generation,ma_gpu_unfolded,1,2048,pending,full_validation,generation_v1_w2_n5_r3,False,/home/molly/workspace-memory-attn/memory-attention/profile/results/optimization/A0002/R06-full-validation/J45-baseline-generation-ma_gpu_unfolded-b1-l2048.json,,,,,,,,,,
J45-candidate-generation-ma_gpu_unfolded-b1-l2048,candidate,generation,ma_gpu_unfolded,1,2048,pending,full_validation,generation_v1_w2_n5_r3,False,/home/molly/workspace-memory-attn/memory-attention/profile/results/optimization/A0002/R06-full-validation/J45-candidate-generation-ma_gpu_unfolded-b1-l2048.json,,,,,,,,,,
J46-candidate-generation-ma_offload-b8-l2048,candidate,generation,ma_offload,8,2048,pending,full_validation,generation_v1_w2_n5_r3,False,/home/molly/workspace-memory-attn/memory-attention/profile/results/optimization/A0002/R06-full-validation/J46-candidate-generation-ma_offload-b8-l2048.json,,,,,,,,,,
J46-baseline-generation-ma_offload-b8-l2048,baseline,generation,ma_offload,8,2048,pending,full_validation,generation_v1_w2_n5_r3,False,/home/molly/workspace-memory-attn/memory-attention/profile/results/optimization/A0002/R06-full-validation/J46-baseline-generation-ma_offload-b8-l2048.json,,,,,,,,,,
J47-baseline-generation-ma_gpu-b8-l2048,baseline,generation,ma_gpu,8,2048,pending,full_validation,generation_v1_w2_n5_r3,False,/home/molly/workspace-memory-attn/memory-attention/profile/results/optimization/A0002/R06-full-validation/J47-baseline-generation-ma_gpu-b8-l2048.json,,,,,,,,,,
J47-candidate-generation-ma_gpu-b8-l2048,candidate,generation,ma_gpu,8,2048,pending,full_validation,generation_v1_w2_n5_r3,False,/home/molly/workspace-memory-attn/memory-attention/profile/results/optimization/A0002/R06-full-validation/J47-candidate-generation-ma_gpu-b8-l2048.json,,,,,,,,,,
J48-candidate-generation-ma_gpu_unfolded-b8-l2048,candidate,generation,ma_gpu_unfolded,8,2048,pending,full_validation,generation_v1_w2_n5_r3,False,/home/molly/workspace-memory-attn/memory-attention/profile/results/optimization/A0002/R06-full-validation/J48-candidate-generation-ma_gpu_unfolded-b8-l2048.json,,,,,,,,,,
J48-baseline-generation-ma_gpu_unfolded-b8-l2048,baseline,generation,ma_gpu_unfolded,8,2048,pending,full_validation,generation_v1_w2_n5_r3,False,/home/molly/workspace-memory-attn/memory-attention/profile/results/optimization/A0002/R06-full-validation/J48-baseline-generation-ma_gpu_unfolded-b8-l2048.json,,,,,,,,,,
