name,mode,variant,batch,length,status,median_ms,round_min_ms,round_max_ms,tokens_per_second,gpu_peak_allocated_gib,gpu_peak_reserved_gib,host_rss_gib,pinned_mib,kv_gib,sample_count
J01-prefill-ma_offload-b8-l2048,prefill,ma_offload,8,2048,completed,210.72321554335454,209.97570139976838,211.80570097640157,77751.2812613147,6.448451995849609,9.01953125,10.903331756591797,256.75,3.0,150
J02-prefill-ma_gpu-b8-l2048,prefill,ma_gpu,8,2048,completed,209.91466790437698,208.67723434542617,211.46133580865958,78050.76302463746,9.15084457397461,10.658203125,4.792041778564453,0.0,3.0,150
J03-prefill-ma_gpu_unfolded-b8-l2048,prefill,ma_gpu_unfolded,8,2048,completed,212.9333042073995,211.32077045428255,213.81429649579027,76944.2810319695,9.15084457397461,10.658203125,4.791797637939453,0.0,3.0,150
J04-decode-ma_offload-b8-l2048,decode,ma_offload,8,2048,completed,11.055905977264047,11.05278080018858,11.067593656480312,723.5951550647794,5.746940612792969,9.01953125,11.077396392822266,256.75,3.00146484375,150
J05-decode-ma_gpu-b8-l2048,decode,ma_gpu,8,2048,completed,10.941823354611794,10.93722494939963,10.942155836770931,731.1395679430462,8.449363708496094,10.66015625,4.963848114013672,0.0,3.00146484375,150
J06-decode-ma_gpu_unfolded-b8-l2048,decode,ma_gpu_unfolded,8,2048,completed,11.042650509625673,11.038106881702939,11.052869539707899,724.4637501681818,8.449363708496094,10.66015625,4.963748931884766,0.0,3.00146484375,150
J07-prefill-ma_offload-b1-l2048,prefill,ma_offload,1,2048,completed,43.872190142671265,43.71846794771651,44.33304277869562,46681.05224152146,3.035594940185547,6.017578125,10.954513549804688,192.09375,0.375,150
J08-prefill-ma_gpu-b1-l2048,prefill,ma_gpu,1,2048,completed,28.983350672448676,28.96707064161698,28.997902463500697,70661.25732477201,5.801128387451172,6.1171875,4.793788909912109,0.0,0.375,150
J09-prefill-ma_gpu_unfolded-b1-l2048,prefill,ma_gpu_unfolded,1,2048,completed,29.079037563254435,29.072670203944046,29.091302833209436,70428.74082558852,5.801128387451172,6.0234375,4.851291656494141,0.0,0.375,150
J10-decode-ma_offload-b1-l2048,decode,ma_offload,1,2048,completed,5.183390636617939,4.840066873778899,5.414426885545254,192.92391218510986,2.9479260444641113,5.767578125,11.10958480834961,192.09375,0.37518310546875,150
J11-decode-ma_gpu-b1-l2048,decode,ma_gpu,1,2048,completed,4.648372468849023,4.642135727529724,4.653683630749583,215.12906005305737,5.713463306427002,6.193359375,4.957431793212891,0.0,0.37518310546875,150
J12-decode-ma_gpu_unfolded-b1-l2048,decode,ma_gpu_unfolded,1,2048,completed,5.446961040919025,5.425550167759259,5.470125128825505,183.58860885688975,5.713463306427002,6.09375,4.956886291503906,0.0,0.37518310546875,150
J13-prefill-ma_offload-b4-l2048,prefill,ma_offload,4,2048,completed,109.67700361895065,109.4050966668874,110.68040559378763,74692.04782856173,4.408962249755859,5.58203125,10.781234741210938,128.375,1.5,150
J14-prefill-ma_gpu-b4-l2048,prefill,ma_gpu,4,2048,completed,106.32230190870662,105.86936084243159,106.44378094002604,77048.74568116518,7.236721038818359,8.056640625,4.791778564453125,0.0,1.5,150
J15-prefill-ma_gpu_unfolded-b4-l2048,prefill,ma_gpu_unfolded,4,2048,completed,106.60902865541478,106.47219456732273,106.70785619877279,76841.5218046724,7.236721038818359,8.072265625,4.850772857666016,0.0,1.5,150
J16-decode-ma_offload-b4-l2048,decode,ma_offload,4,2048,completed,7.3432389957209425,7.341372671847542,7.344355372091134,544.7187545347336,4.058218002319336,5.58203125,10.952552795410156,128.375,1.500732421875,150
J17-decode-ma_gpu-b4-l2048,decode,ma_gpu,4,2048,completed,7.225855796908339,7.2244394570589066,7.231806746373574,553.5676482377968,6.885992050170898,8.056640625,4.963420867919922,0.0,1.500732421875,150
J18-decode-ma_gpu_unfolded-b4-l2048,decode,ma_gpu_unfolded,4,2048,completed,7.306271030878027,7.295634985590975,7.309595883513491,547.4748997258732,6.885992050170898,8.056640625,4.962268829345703,0.0,1.500732421875,150
J19-prefill-ma_offload-b16-l2048,prefill,ma_offload,16,2048,completed,427.78728537571925,422.3811495738725,430.76526435712975,76598.81702940364,10.52743148803711,16.236328125,11.156120300292969,513.5,6.0,150
J20-prefill-ma_gpu-b16-l2048,prefill,ma_gpu,16,2048,completed,428.62529961081844,425.8129114440332,429.0155067419012,76449.05708961315,12.97909164428711,15.861328125,4.790843963623047,0.0,6.0,150
J21-prefill-ma_gpu_unfolded-b16-l2048,prefill,ma_gpu_unfolded,16,2048,completed,432.9055450701465,429.75541435492534,433.2055730589976,75693.18613068444,12.97909164428711,15.861328125,4.851593017578125,0.0,6.0,150
J22-decode-ma_offload-b16-l2048,decode,ma_offload,16,2048,completed,20.383594107503693,20.3802646137774,20.393517799675465,784.9449864246469,9.124385356903076,16.23828125,11.303672790527344,513.5,6.0029296875,150
J23-decode-ma_gpu-b16-l2048,decode,ma_gpu,16,2048,completed,20.345059223473072,20.31434210948646,20.36596704274416,786.4317240000969,11.576106548309326,15.86328125,4.938987731933594,0.0,6.0029296875,150
J24-decode-ma_gpu_unfolded-b16-l2048,decode,ma_gpu_unfolded,16,2048,completed,20.40387241480251,20.40332065274318,20.405197686826188,784.1648719775561,11.576106548309326,15.86328125,4.939205169677734,0.0,6.0029296875,150
J25-prefill-ma_offload-b8-l512,prefill,ma_offload,8,512,completed,81.58717973468204,81.545787009721,81.67329787587126,50203.96603142815,3.7022666931152344,5.95703125,11.193424224853516,384.75,0.75,150
J26-prefill-ma_gpu-b8-l512,prefill,ma_gpu,8,512,completed,52.297945910443865,52.142488320047654,52.33968757092953,78320.4756648393,6.279659271240234,6.798828125,4.790752410888672,0.0,0.75,150
J27-prefill-ma_gpu_unfolded-b8-l512,prefill,ma_gpu_unfolded,8,512,completed,52.4720492772758,52.42754973781606,52.50513980475565,78060.60667376802,6.279659271240234,6.705078125,4.848697662353516,0.0,0.75,150
J28-decode-ma_offload-b8-l512,decode,ma_offload,8,512,completed,5.699507364382346,5.691134091466665,5.7217541461189585,1403.6300838900588,3.528167724609375,5.95703125,11.343238830566406,384.75,0.75146484375,150
J29-decode-ma_gpu-b8-l512,decode,ma_gpu,8,512,completed,5.614791406939427,5.606417575230201,5.615647230297327,1424.808050769731,6.1055908203125,6.755859375,4.9390106201171875,0.0,0.75146484375,150
J30-decode-ma_gpu_unfolded-b8-l512,decode,ma_gpu_unfolded,8,512,completed,5.680406124641498,5.67830513852338,5.689205974340439,1408.350006049065,6.1055908203125,6.728515625,4.939029693603516,0.0,0.75146484375,150
J31-prefill-ma_offload-b8-l4096,prefill,ma_offload,8,4096,completed,457.1493154702087,451.40850039509434,460.2061171239863,71678.9873485776,10.53255844116211,16.244140625,11.195499420166016,512.75,6.0,150
J32-prefill-ma_gpu-b8-l4096,prefill,ma_gpu,8,4096,completed,458.0071229642878,455.1202492788434,458.03590148376924,71544.73884144159,12.98495101928711,15.8671875,4.790992736816406,0.0,6.0,150
J33-prefill-ma_gpu_unfolded-b8-l4096,prefill,ma_gpu_unfolded,8,4096,completed,462.25720836470526,459.34657870481414,462.39846508639556,70886.94217645853,12.98495101928711,15.8671875,4.790901184082031,0.0,6.0,150
J34-decode-ma_offload-b8-l4096,decode,ma_offload,8,4096,completed,19.071429036557674,19.065542068953317,19.082300349449117,419.4756452002074,9.127799987792969,16.24609375,11.366683959960938,512.75,6.00146484375,150
J35-decode-ma_gpu-b8-l4096,decode,ma_gpu,8,4096,completed,18.972416191051405,18.96180440671742,18.997402644405764,421.6647958510054,11.580223083496094,15.87109375,4.9643707275390625,0.0,6.00146484375,150
J36-decode-ma_gpu_unfolded-b8-l4096,decode,ma_gpu_unfolded,8,4096,completed,19.05074450187385,19.045443600043654,19.054345382998388,419.93109504004485,11.580223083496094,15.87109375,4.962787628173828,0.0,6.00146484375,150
J37-prefill-ma_offload-b8-l8192,prefill,ma_offload,8,8192,completed,1026.2031109382708,1022.4163915185878,1026.4284984208643,63862.60117656395,18.70077133178711,26.912109375,11.69668960571289,1024.75,12.0,150
J38-prefill-ma_gpu-b8-l8192,prefill,ma_gpu,8,8192,completed,1021.2832154085239,1020.4040332697332,1021.825552592054,64170.250730875785,20.65316390991211,26.162109375,4.790946960449219,0.0,12.0,150
J39-prefill-ma_gpu_unfolded-b8-l8192,prefill,ma_gpu_unfolded,8,8192,completed,1029.1505004900198,1028.2773175121595,1030.0530898850411,63679.70473589206,20.65316390991211,26.162109375,4.8495330810546875,0.0,12.0,150
J40-decode-ma_offload-b8-l8192,decode,ma_offload,8,8192,completed,34.857291247074805,34.842099295929074,34.87254297360778,229.50721968883207,15.889518737792969,26.919921875,11.867015838623047,1024.75,12.00146484375,150
J41-decode-ma_gpu-b8-l8192,decode,ma_gpu,8,8192,completed,34.70965645586451,34.704286605119705,34.712497874473534,230.4834105797762,17.841941833496094,26.169921875,4.962856292724609,0.0,12.00146484375,150
J42-decode-ma_gpu_unfolded-b8-l8192,decode,ma_gpu_unfolded,8,8192,completed,34.77632634652158,34.74373954037825,34.78814299839238,230.04154953820134,17.841941833496094,26.169921875,4.96234130859375,0.0,12.00146484375,150
J43-generation-ma_offload-b1-l2048,generation,ma_offload,1,2048,completed,657.4702352751046,649.4977702231457,683.7661255927136,3309.6555300172613,3.0359840393066406,5.76953125,11.14654541015625,192.09375,0.3984375,150
J44-generation-ma_gpu-b1-l2048,generation,ma_gpu,1,2048,completed,598.0859582312405,596.5820098761469,599.5165245452275,3638.2730108481896,5.801517486572266,6.21484375,4.965930938720703,0.0,0.3984375,150
J45-generation-ma_gpu_unfolded-b1-l2048,generation,ma_gpu_unfolded,1,2048,completed,709.5345951151103,708.4632564956943,712.6605802526077,3066.7990186538823,5.801517486572266,6.1171875,4.966419219970703,0.0,0.3984375,150
J46-generation-ma_offload-b8-l2048,generation,ma_offload,8,2048,completed,1378.8977220344048,1378.3945726696402,1382.78665272519,12624.57666136144,6.448847770690918,9.021484375,11.162796020507812,256.75,3.1875,150
J47-generation-ma_gpu-b8-l2048,generation,ma_gpu,8,2048,completed,1354.0131088967125,1353.8457658297073,1355.3612016141415,12856.596354657542,9.151240348815918,10.66015625,4.972820281982422,0.0,3.1875,150
J48-generation-ma_gpu_unfolded-b8-l2048,generation,ma_gpu_unfolded,8,2048,completed,1361.1216243356466,1361.0159860458225,1362.5217696030934,12789.452234657367,9.151240348815918,10.66015625,4.972980499267578,0.0,3.1875,150
